endpoint,competencia,anio,url,status,tipo,n_registros,bytes,campos,primer_registro,error,desde_cache
ingresos_rol_competencia_detalle,Laboral,2020,https://estadisticaservices.pjud.cl/pjen/ingresos_rol_competencia_detalle/30/0/Laboral/2020,200,lista,6549,1939263,COD_CORTE|CORTE|COD_TRIBUNAL|TRIBUNAL|RIT|TIPO_PROCEDIMIENTO|FECHA_INGRESO|MES_INGRESO|ANO_INGRESO|COMPETENCIA|ID_CAUSA|RUC,"{""COD_CORTE"": 30.0, ""CORTE"": ""C.A. de Valparaiso"", ""COD_TRIBUNAL"": 83.0, ""TRIBUNAL"": ""1º Juzgado de Letras de Quilpue"", ""RIT"": ""M-56-2020"", ""TIPO_PROCEDIMIENTO"": ""Monitorio"", ""FECHA_INGRESO"": ""2020-09-03"", ""MES_INGRESO"": 9.0, ""ANO_INGRESO"": 2020.0, ""COMPETENCIA"": ""Laboral"", ""ID_CAUSA"": null, ""RUC"": ",,False
terminos_rol_competencia_detalle,Laboral,2020,https://estadisticaservices.pjud.cl/pjen/terminos_rol_competencia_detalle/30/0/Laboral/2020,200,lista,12686,5166051,COD_CORTE|CORTE|COD_TRIBUNAL|TRIBUNAL|RIT|TIPO_PROCEDIMIENTO|FECHA_INGRESO|FECHA_TERMINO|MES_TERMINO|ANO_TERMINO|TOTAL_TERMINOS|SISTEMA|COMPETENCIA|ID_CAUSA|RUC|MOTIVO_TERMINO,"{""COD_CORTE"": 30, ""CORTE"": ""C.A. de Valparaiso"", ""COD_TRIBUNAL"": 89, ""TRIBUNAL"": ""1º Juzgado de Letras de Los Andes"", ""RIT"": ""S-1-2016"", ""TIPO_PROCEDIMIENTO"": ""Practica Antisindical"", ""FECHA_INGRESO"": ""2016/04/08 00:00:00.000"", ""FECHA_TERMINO"": ""2020/02/06 00:00:00.000"", ""MES_TERMINO"": 2, ""ANO_TERMI",,False
ingresos_materia_competencia_detalle,Laboral,2020,https://estadisticaservices.pjud.cl/pjen/ingresos_materia_competencia_detalle/30/0/Laboral/2020,200,lista,42533,16838933,COD_CORTE|CORTE|COD_TRIBUNAL|TRIBUNAL|RIT|TIPO_PROCEDIMIENTO|COD_MATERIA|MATERIA|FECHA_INGRESO|MES_INGRESO|ANO_INGRESO|COMPETENCIA|ID_CAUSA|RUC|FORMA_INICIO|TIPO_INGRESO,"{""COD_CORTE"": 30.0, ""CORTE"": ""C.A. de Valparaiso"", ""COD_TRIBUNAL"": 83.0, ""TRIBUNAL"": ""1º Juzgado de Letras de Quilpue"", ""RIT"": ""M-26-2020"", ""TIPO_PROCEDIMIENTO"": ""Monitorio"", ""COD_MATERIA"": ""L021"", ""MATERIA"": ""Costas"", ""FECHA_INGRESO"": ""2020-04-14"", ""MES_INGRESO"": ""04"", ""ANO_INGRESO"": 2020.0, ""COMPE",,False
terminos_materia_competencia_detalle,Laboral,2020,https://estadisticaservices.pjud.cl/pjen/terminos_materia_competencia_detalle/30/0/Laboral/2020,200,lista,41730,21454334,COD_CORTE|CORTE|COD_TRIBUNAL|TRIBUNAL|RIT|TIPO_PROCEDIMIENTO|COD_MATERIA|MATERIA|FECHA_INGRESO|FECHA_TERMINO|MES_TERMINO|ANO_TERMINO|MOTIVO_TERMINO|DURACION_HABILES|TOTAL_TERMINOS|SISTEMA|COMPETENCIA|ID_CAUSA|RUC,"{""COD_CORTE"": 30.0, ""CORTE"": ""C.A. de Valparaiso"", ""COD_TRIBUNAL"": 1338.0, ""TRIBUNAL"": ""Juzgado de Letras del Trabajo de Valparaíso"", ""RIT"": ""M-483-2019"", ""TIPO_PROCEDIMIENTO"": ""Monitorio"", ""COD_MATERIA"": ""L021"", ""MATERIA"": ""Costas"", ""FECHA_INGRESO"": ""2019/05/06 00:00:00.000"", ""FECHA_TERMINO"": ""2020",,False
duracion_causas_competencia_detalle,Laboral,2020,https://estadisticaservices.pjud.cl/pjen/duracion_causas_competencia_detalle/30/0/Laboral/2020,200,lista,6343,3490545,COD_CORTE|CORTE|COD_TRIBUNAL|TRIBUNAL|RIT|MOTIVO_TERMINO|TIPO_PROCEDIMIENTO|FECHA_INGRESO|FECHA_TERMINO|MES_TERMINO|ANO_TERMINO|COMPETENCIA|DURACION|ID_CAUSA|RUC,"{""COD_CORTE"": 30.0, ""CORTE"": ""C.A. de Valparaiso"", ""COD_TRIBUNAL"": 89.0, ""TRIBUNAL"": ""1º Juzgado de Letras de Los Andes"", ""RIT"": ""S-1-2016"", ""MOTIVO_TERMINO"": ""Sentencia"", ""TIPO_PROCEDIMIENTO"": ""Practica Antisindical"", ""FECHA_INGRESO"": ""2016-04-08"", ""FECHA_TERMINO"": ""2020-02-06"", ""MES_TERMINO"": 1580",,False
causas_tramitacion_competencia_detalle,Laboral,2020,https://estadisticaservices.pjud.cl/pjen/causas_tramitacion_competencia_detalle/30/0/Laboral/2020,200,lista,5033,1839223,PERIODO_ANO|CODIGO_CORTE|GLOSA_CORTE|CODIGO_TRIBUNAL|GLOSA_TRIBUNAL|TIPO_CAUSA|RIT|ANO|FECHA_INGRESO|GLOSA_MATERIA|ETAPA_CAUSA|ULT_DILIGENCIA,"{""PERIODO_ANO"": 2020.0, ""CODIGO_CORTE"": 30.0, ""GLOSA_CORTE"": ""CORTE DE APELACIONES DE VALPARAISO"", ""CODIGO_TRIBUNAL"": 101.0, ""GLOSA_TRIBUNAL"": ""1º JUZGADO DE LETRAS DE SAN ANTONIO"", ""TIPO_CAUSA"": ""O"", ""RIT"": 128.0, ""ANO"": 2019.0, ""FECHA_INGRESO"": ""2019-12-30"", ""GLOSA_MATERIA"": ""Recargos"", ""ETAPA_CAU",,False
audiencias_realizadas_competencia_detalle,Laboral,2020,https://estadisticaservices.pjud.cl/pjen/audiencias_realizadas_competencia_detalle/30/0/Laboral/2020,200,lista,5624,3080490,COD_CORTE|CORTE|COD_TRIBUNAL|TRIBUNAL|RIT|TIPO_PROCEDIMIENTO|TIPO_AUDIENCIA|FECHA_INGRESO|FECHA_PROGRAMACION|FECHA_AUDIENCIA|FECHA_FIRMA|PLAZO_AGENDAMIENTO|HORA_INICIO|HORA_FIN|ANO_AUDIENCIA|COMPETENCIA|TOTAL_AUDIENCIAS|ID_CAUSA|RUC|ID_AUDIENCIA|VIDEOCONFERENCIA,"{""COD_CORTE"": 30.0, ""CORTE"": ""C.A. DE VALPARAISO"", ""COD_TRIBUNAL"": 98.0, ""TRIBUNAL"": ""JUZGADO DE LETRAS DE LA CALERA"", ""RIT"": ""O-24-2020"", ""TIPO_PROCEDIMIENTO"": ""Ordinario"", ""TIPO_AUDIENCIA"": ""AUDIENCIA PREPARATORIA"", ""FECHA_INGRESO"": ""2020-02-19"", ""FECHA_PROGRAMACION"": ""2020-05-26"", ""FECHA_AUDIENCI",,False
ingresos_rol_competencia_detalle,Laboral,2021,https://estadisticaservices.pjud.cl/pjen/ingresos_rol_competencia_detalle/30/0/Laboral/2021,200,lista,6068,1870628,COD_CORTE|CORTE|COD_TRIBUNAL|TRIBUNAL|RIT|RUC|TIPO_PROCEDIMIENTO|FECHA_INGRESO|MES_INGRESO|ANO_INGRESO|COMPETENCIA|ID_CAUSA,"{""COD_CORTE"": 30.0, ""CORTE"": ""C.A. DE VALPARAISO"", ""COD_TRIBUNAL"": 1358.0, ""TRIBUNAL"": ""JUZGADO DE LETRAS DEL TRABAJO DE SAN FELIPE"", ""RIT"": ""O-35-2021"", ""RUC"": ""21- 4-323343-6"", ""TIPO_PROCEDIMIENTO"": ""ORDINARIO"", ""FECHA_INGRESO"": ""2021-03-05"", ""MES_INGRESO"": 3.0, ""ANO_INGRESO"": 2021.0, ""COMPETENCIA",,False
terminos_rol_competencia_detalle,Laboral,2021,https://estadisticaservices.pjud.cl/pjen/terminos_rol_competencia_detalle/30/0/Laboral/2021,200,lista,7089,2966156,COD_CORTE|CORTE|COD_TRIBUNAL|TRIBUNAL|RIT|RUC|TIPO_PROCEDIMIENTO|FECHA_INGRESO|FECHA_TERMINO|MES_TERMINO|ANO_TERMINO|TOTAL_TERMINOS|SISTEMA|COMPETENCIA|ID_CAUSA|MOTIVO_TERMINO,"{""COD_CORTE"": 30, ""CORTE"": ""C.A. DE VALPARAISO"", ""COD_TRIBUNAL"": 1338, ""TRIBUNAL"": ""JUZGADO DE LETRAS DEL TRABAJO DE VALPARAÍSO"", ""RIT"": ""O-1405-2017"", ""RUC"": ""17- 4-52840-3"", ""TIPO_PROCEDIMIENTO"": ""ORDINARIO"", ""FECHA_INGRESO"": ""2017/09/05 00:00:00.000"", ""FECHA_TERMINO"": ""2021/08/20 00:00:00.000"", """,,False
ingresos_materia_competencia_detalle,Laboral,2021,https://estadisticaservices.pjud.cl/pjen/ingresos_materia_competencia_detalle/30/0/Laboral/2021,200,lista,39569,16621708,COD_CORTE|CORTE|COD_TRIBUNAL|TRIBUNAL|RIT|RUC|TIPO_PROCEDIMIENTO|COD_MATERIA|MATERIA|FORMA_INICIO|TIPO_INGRESO|FECHA_INGRESO|MES_INGRESO|ANO_INGRESO|COMPETENCIA|ID_CAUSA,"{""COD_CORTE"": 30.0, ""CORTE"": ""C.A. DE VALPARAISO"", ""COD_TRIBUNAL"": 83.0, ""TRIBUNAL"": ""1º JUZGADO DE LETRAS DE QUILPUE"", ""RIT"": ""M-78-2021"", ""RUC"": ""21- 4-368480-2"", ""TIPO_PROCEDIMIENTO"": ""MONITORIO"", ""COD_MATERIA"": ""L033"", ""MATERIA"": ""FERIADO LEGAL"", ""FORMA_INICIO"": ""DEMANDA"", ""TIPO_INGRESO"": ""PORTA",,False
terminos_materia_competencia_detalle,Laboral,2021,https://estadisticaservices.pjud.cl/pjen/terminos_materia_competencia_detalle/30/0/Laboral/2021,200,lista,45655,23973633,COD_CORTE|CORTE|COD_TRIBUNAL|TRIBUNAL|RIT|RUC|TIPO_PROCEDIMIENTO|COD_MATERIA|MATERIA|FECHA_INGRESO|FECHA_TERMINO|MES_TERMINO|ANO_TERMINO|MOTIVO_TERMINO|DURACION_HABILES|TOTAL_TERMINOS|SISTEMA|COMPETENCIA|ID_CAUSA,"{""COD_CORTE"": 30.0, ""CORTE"": ""C.A. DE VALPARAISO"", ""COD_TRIBUNAL"": 1338.0, ""TRIBUNAL"": ""JUZGADO DE LETRAS DEL TRABAJO DE VALPARAÍSO"", ""RIT"": ""O-720-2020"", ""RUC"": ""20- 4-269891-9"", ""TIPO_PROCEDIMIENTO"": ""ORDINARIO"", ""COD_MATERIA"": ""L021"", ""MATERIA"": ""COSTAS"", ""FECHA_INGRESO"": ""2020/05/08 00:00:00.000",,False
duracion_causas_competencia_detalle,Laboral,2021,https://estadisticaservices.pjud.cl/pjen/duracion_causas_competencia_detalle/30/0/Laboral/2021,200,lista,7089,3976863,COD_CORTE|CORTE|COD_TRIBUNAL|TRIBUNAL|RIT|RUC|MOTIVO_TERMINO|TIPO_PROCEDIMIENTO|FECHA_INGRESO|FECHA_TERMINO|MES_TERMINO|ANO_TERMINO|COMPETENCIA|DURACION|ID_CAUSA,"{""COD_CORTE"": 30.0, ""CORTE"": ""C.A. DE VALPARAISO"", ""COD_TRIBUNAL"": 1338.0, ""TRIBUNAL"": ""JUZGADO DE LETRAS DEL TRABAJO DE VALPARAÍSO"", ""RIT"": ""O-1405-2017"", ""RUC"": ""17- 4-52840-3"", ""MOTIVO_TERMINO"": ""SENTENCIA"", ""TIPO_PROCEDIMIENTO"": ""ORDINARIO"", ""FECHA_INGRESO"": ""2017-09-05"", ""FECHA_TERMINO"": ""2021-",,False
causas_tramitacion_competencia_detalle,Laboral,2021,https://estadisticaservices.pjud.cl/pjen/causas_tramitacion_competencia_detalle/30/0/Laboral/2021,200,lista,4630,1617922,PERIODO_ANO|CODIGO_CORTE|GLOSA_CORTE|CODIGO_TRIBUNAL|GLOSA_TRIBUNAL|TIPO_CAUSA|RIT|ANO|FECHA_INGRESO|GLOSA_MATERIA|ETAPA_CAUSA|ULT_DILIGENCIA,"{""PERIODO_ANO"": 2021.0, ""CODIGO_CORTE"": 30.0, ""GLOSA_CORTE"": ""C.A. de Valparaiso"", ""CODIGO_TRIBUNAL"": 83.0, ""GLOSA_TRIBUNAL"": ""1º Juzgado de Letras de Quilpue"", ""TIPO_CAUSA"": ""M"", ""RIT"": 59.0, ""ANO"": 2016.0, ""FECHA_INGRESO"": ""2016-10-24"", ""GLOSA_MATERIA"": ""Prestaciones"", ""ETAPA_CAUSA"": ""Cumplimiento",,False
audiencias_realizadas_competencia_detalle,Laboral,2021,https://estadisticaservices.pjud.cl/pjen/audiencias_realizadas_competencia_detalle/30/0/Laboral/2021,200,lista,6558,3585777,COD_CORTE|CORTE|COD_TRIBUNAL|TRIBUNAL|RIT|TIPO_PROCEDIMIENTO|TIPO_AUDIENCIA|FECHA_INGRESO|FECHA_PROGRAMACION|FECHA_AUDIENCIA|FECHA_FIRMA|PLAZO_AGENDAMIENTO|HORA_INICIO|HORA_FIN|VIDEOCONFERENCIA|ANO_AUDIENCIA|COMPETENCIA|TOTAL_AUDIENCIAS|ID_CAUSA|RUC|ID_AUDIENCIA,"{""COD_CORTE"": 30.0, ""CORTE"": ""C.A. DE VALPARAISO"", ""COD_TRIBUNAL"": 660.0, ""TRIBUNAL"": ""JUZGADO DE LETRAS Y GARANTÍA DE QUINTERO"", ""RIT"": ""O-11-2021"", ""TIPO_PROCEDIMIENTO"": ""ORDINARIO"", ""TIPO_AUDIENCIA"": ""AUDIENCIA ESPECIAL"", ""FECHA_INGRESO"": ""2021-02-18"", ""FECHA_PROGRAMACION"": ""2021-05-18"", ""FECHA_A",,False
ingresos_rol_competencia_detalle,Laboral,2022,https://estadisticaservices.pjud.cl/pjen/ingresos_rol_competencia_detalle/30/0/Laboral/2022,200,lista,6991,2189938,ID_CAUSA|COD_CORTE|CORTE|COD_TRIBUNAL|TRIBUNAL|RIT|RUC|TIPO_PROCEDIMIENTO|FECHA_INGRESO|MES_INGRESO|ANO_INGRESO|COMPETENCIA,"{""ID_CAUSA"": 1037086.0, ""COD_CORTE"": 30.0, ""CORTE"": ""C.A. de Valparaiso"", ""COD_TRIBUNAL"": 83.0, ""TRIBUNAL"": ""1º Juzgado de Letras de Quilpue"", ""RIT"": ""O-9-2022"", ""RUC"": ""22- 4-382045-1"", ""TIPO_PROCEDIMIENTO"": ""Ordinario"", ""FECHA_INGRESO"": ""2022-01-30"", ""MES_INGRESO"": 1.0, ""ANO_INGRESO"": 2022.0, ""COM",,False
terminos_rol_competencia_detalle,Laboral,2022,https://estadisticaservices.pjud.cl/pjen/terminos_rol_competencia_detalle/30/0/Laboral/2022,200,lista,7090,2987251,ID_CAUSA|COD_CORTE|CORTE|COD_TRIBUNAL|TRIBUNAL|RIT|RUC|TIPO_PROCEDIMIENTO|FECHA_INGRESO|FECHA_TERMINO|MES_TERMINO|ANO_TERMINO|TOTAL_TERMINOS|SISTEMA|COMPETENCIA|MOTIVO_TERMINO,"{""ID_CAUSA"": 591369, ""COD_CORTE"": 30, ""CORTE"": ""C.A. de Valparaiso"", ""COD_TRIBUNAL"": 83, ""TRIBUNAL"": ""1º Juzgado de Letras de Quilpue"", ""RIT"": ""O-66-2017"", ""RUC"": ""17- 4-52417-3"", ""TIPO_PROCEDIMIENTO"": ""Ordinario"", ""FECHA_INGRESO"": ""2017/09/04 00:00:00.000"", ""FECHA_TERMINO"": ""2022/03/17 00:00:00.000",,False
ingresos_materia_competencia_detalle,Laboral,2022,https://estadisticaservices.pjud.cl/pjen/ingresos_materia_competencia_detalle/30/0/Laboral/2022,200,lista,43427,18471565,ID_CAUSA|COD_CORTE|CORTE|COD_TRIBUNAL|TRIBUNAL|RIT|RUC|TIPO_PROCEDIMIENTO|COD_MATERIA|MATERIA|FORMA_INICIO|TIPO_INGRESO|FECHA_INGRESO|MES_INGRESO|ANO_INGRESO|COMPETENCIA,"{""ID_CAUSA"": 1040775.0, ""COD_CORTE"": 30.0, ""CORTE"": ""C.A. de Valparaiso"", ""COD_TRIBUNAL"": 83.0, ""TRIBUNAL"": ""1º Juzgado de Letras de Quilpue"", ""RIT"": ""M-8-2022"", ""RUC"": ""22- 4-384827-5"", ""TIPO_PROCEDIMIENTO"": ""Monitorio"", ""COD_MATERIA"": ""L033"", ""MATERIA"": ""Feriado legal"", ""FORMA_INICIO"": ""Demanda"", ",,False
terminos_materia_competencia_detalle,Laboral,2022,https://estadisticaservices.pjud.cl/pjen/terminos_materia_competencia_detalle/30/0/Laboral/2022,200,lista,45278,23981088,ID_CAUSA|COD_CORTE|CORTE|COD_TRIBUNAL|TRIBUNAL|RIT|RUC|TIPO_PROCEDIMIENTO|COD_MATERIA|MATERIA|FECHA_INGRESO|FECHA_TERMINO|MES_TERMINO|ANO_TERMINO|MOTIVO_TERMINO|DURACION_HABILES|TOTAL_TERMINOS|SISTEMA|COMPETENCIA,"{""ID_CAUSA"": 1098634.0, ""COD_CORTE"": 30.0, ""CORTE"": ""C.A. de Valparaiso"", ""COD_TRIBUNAL"": 83.0, ""TRIBUNAL"": ""1º Juzgado de Letras de Quilpue"", ""RIT"": ""O-64-2022"", ""RUC"": ""22- 4-426912-0"", ""TIPO_PROCEDIMIENTO"": ""Ordinario"", ""COD_MATERIA"": ""L024"", ""MATERIA"": ""Cotizaciones Previsionales"", ""FECHA_INGRES",,False
duracion_causas_competencia_detalle,Laboral,2022,https://estadisticaservices.pjud.cl/pjen/duracion_causas_competencia_detalle/30/0/Laboral/2022,200,lista,7090,4010455,ID_CAUSA|COD_CORTE|CORTE|COD_TRIBUNAL|TRIBUNAL|RIT|RUC|MOTIVO_TERMINO|TIPO_PROCEDIMIENTO|FECHA_INGRESO|FECHA_TERMINO|MES_TERMINO|ANO_TERMINO|COMPETENCIA|DURACION,"{""ID_CAUSA"": 591369.0, ""COD_CORTE"": 30.0, ""CORTE"": ""C.A. de Valparaiso"", ""COD_TRIBUNAL"": 83.0, ""TRIBUNAL"": ""1º Juzgado de Letras de Quilpue"", ""RIT"": ""O-66-2017"", ""RUC"": ""17- 4-52417-3"", ""MOTIVO_TERMINO"": ""Archivo Especial"", ""TIPO_PROCEDIMIENTO"": ""Ordinario"", ""FECHA_INGRESO"": ""2017-09-04"", ""FECHA_TER",,False
causas_tramitacion_competencia_detalle,Laboral,2022,https://estadisticaservices.pjud.cl/pjen/causas_tramitacion_competencia_detalle/30/0/Laboral/2022,200,lista,4744,1655919,PERIODO_ANO|CODIGO_CORTE|GLOSA_CORTE|CODIGO_TRIBUNAL|GLOSA_TRIBUNAL|TIPO_CAUSA|RIT|ANO|FECHA_INGRESO|GLOSA_MATERIA|ETAPA_CAUSA|ULT_DILIGENCIA,"{""PERIODO_ANO"": 2022.0, ""CODIGO_CORTE"": 30.0, ""GLOSA_CORTE"": ""C.A. de Valparaiso"", ""CODIGO_TRIBUNAL"": 83.0, ""GLOSA_TRIBUNAL"": ""1º Juzgado de Letras de Quilpue"", ""TIPO_CAUSA"": ""M"", ""RIT"": 59.0, ""ANO"": 2016.0, ""FECHA_INGRESO"": ""2016-10-24"", ""GLOSA_MATERIA"": ""Prestaciones"", ""ETAPA_CAUSA"": ""Cumplimiento",,False
audiencias_realizadas_competencia_detalle,Laboral,2022,https://estadisticaservices.pjud.cl/pjen/audiencias_realizadas_competencia_detalle/30/0/Laboral/2022,200,lista,6596,3669673,ID_CAUSA|COD_CORTE|CORTE|COD_TRIBUNAL|TRIBUNAL|RIT|TIPO_PROCEDIMIENTO|TIPO_AUDIENCIA|FECHA_INGRESO|FECHA_PROGRAMACION|FECHA_AUDIENCIA|FECHA_FIRMA|PLAZO_AGENDAMIENTO|HORA_INICIO|HORA_FIN|VIDEOCONFERENCIA|ANO_AUDIENCIA|COMPETENCIA|TOTAL_AUDIENCIAS|RUC|ID_AUDIENCIA,"{""ID_CAUSA"": 1086487.0, ""COD_CORTE"": 30.0, ""CORTE"": ""C.A. DE VALPARAISO"", ""COD_TRIBUNAL"": 83.0, ""TRIBUNAL"": ""1º JUZGADO DE LETRAS DE QUILPUE"", ""RIT"": ""M-44-2022"", ""TIPO_PROCEDIMIENTO"": ""Monitorio"", ""TIPO_AUDIENCIA"": ""AUDIENCIA ÚNICA"", ""FECHA_INGRESO"": ""2022-07-28"", ""FECHA_PROGRAMACION"": ""2022-08-02""",,False
ingresos_rol_competencia_detalle,Laboral,2023,https://estadisticaservices.pjud.cl/pjen/ingresos_rol_competencia_detalle/30/0/Laboral/2023,200,lista,8198,2565836,ID_CAUSA|COD_CORTE|CORTE|COD_TRIBUNAL|TRIBUNAL|RIT|RUC|TIPO_PROCEDIMIENTO|FECHA_INGRESO|MES_INGRESO|ANO_INGRESO|COMPETENCIA,"{""ID_CAUSA"": 1132797.0, ""COD_CORTE"": 30.0, ""CORTE"": ""C.A. de Valparaiso"", ""COD_TRIBUNAL"": 83.0, ""TRIBUNAL"": ""1º Juzgado de Letras de Quilpue"", ""RIT"": ""O-3-2023"", ""RUC"": ""23- 4-451809-7"", ""TIPO_PROCEDIMIENTO"": ""Ordinario"", ""FECHA_INGRESO"": ""2023-01-08"", ""MES_INGRESO"": 1.0, ""ANO_INGRESO"": 2023.0, ""COM",,False
terminos_rol_competencia_detalle,Laboral,2023,https://estadisticaservices.pjud.cl/pjen/terminos_rol_competencia_detalle/30/0/Laboral/2023,200,lista,7524,2940846,ID_CAUSA|COD_CORTE|CORTE|COD_TRIBUNAL|TRIBUNAL|RIT|RUC|TIPO_PROCEDIMIENTO|FECHA_INGRESO|FECHA_TERMINO|MES_TERMINO|ANO_TERMINO|TOTAL_TERMINOS|SISTEMA|COMPETENCIA|MOTIVO_TERMINO,"{""ID_CAUSA"": 1072974, ""COD_CORTE"": 30, ""CORTE"": ""C.A. de Valparaiso"", ""COD_TRIBUNAL"": 83, ""TRIBUNAL"": ""1º Juzgado de Letras de Quilpue"", ""RIT"": ""M-35-2022"", ""RUC"": ""22- 4-408496-1"", ""TIPO_PROCEDIMIENTO"": ""Monitorio"", ""FECHA_INGRESO"": ""13-06-2022"", ""FECHA_TERMINO"": ""03-01-2023"", ""MES_TERMINO"": 1, ""AN",,False
ingresos_materia_competencia_detalle,Laboral,2023,https://estadisticaservices.pjud.cl/pjen/ingresos_materia_competencia_detalle/30/0/Laboral/2023,200,lista,47549,20201720,ID_CAUSA|COD_CORTE|CORTE|COD_TRIBUNAL|TRIBUNAL|RIT|RUC|TIPO_PROCEDIMIENTO|COD_MATERIA|MATERIA|FORMA_INICIO|TIPO_INGRESO|FECHA_INGRESO|MES_INGRESO|ANO_INGRESO|COMPETENCIA,"{""ID_CAUSA"": 1204551.0, ""COD_CORTE"": 30.0, ""CORTE"": ""C.A. de Valparaiso"", ""COD_TRIBUNAL"": 83.0, ""TRIBUNAL"": ""1º Juzgado de Letras de Quilpue"", ""RIT"": ""O-66-2023"", ""RUC"": ""23- 4-503558-8"", ""TIPO_PROCEDIMIENTO"": ""Ordinario"", ""COD_MATERIA"": ""L001"", ""MATERIA"": ""Accidentes del trabajo y enfermedades prof",,False
terminos_materia_competencia_detalle,Laboral,2023,https://estadisticaservices.pjud.cl/pjen/terminos_materia_competencia_detalle/30/0/Laboral/2023,200,lista,45613,24130438,ID_CAUSA|COD_CORTE|CORTE|COD_TRIBUNAL|TRIBUNAL|RIT|RUC|TIPO_PROCEDIMIENTO|COD_MATERIA|MATERIA|FECHA_INGRESO|FECHA_TERMINO|MES_TERMINO|ANO_TERMINO|MOTIVO_TERMINO|DURACION_HABILES|TOTAL_TERMINOS|SISTEMA|COMPETENCIA,"{""ID_CAUSA"": 1237007.0, ""COD_CORTE"": 30.0, ""CORTE"": ""C.A. de Valparaiso"", ""COD_TRIBUNAL"": 83.0, ""TRIBUNAL"": ""1º Juzgado de Letras de Quilpue"", ""RIT"": ""M-93-2023"", ""RUC"": ""23- 4-526368-8"", ""TIPO_PROCEDIMIENTO"": ""Monitorio"", ""COD_MATERIA"": ""L031"", ""MATERIA"": ""Despido indirecto"", ""FECHA_INGRESO"": ""2023",,False
duracion_causas_competencia_detalle,Laboral,2023,https://estadisticaservices.pjud.cl/pjen/duracion_causas_competencia_detalle/30/0/Laboral/2023,200,lista,7524,4162047,ID_CAUSA|COD_CORTE|CORTE|COD_TRIBUNAL|TRIBUNAL|RIT|RUC|MOTIVO_TERMINO|TIPO_PROCEDIMIENTO|FECHA_INGRESO|FECHA_TERMINO|MES_TERMINO|ANO_TERMINO|COMPETENCIA|DURACION,"{""ID_CAUSA"": 1072974.0, ""COD_CORTE"": 30.0, ""CORTE"": ""C.A. de Valparaiso"", ""COD_TRIBUNAL"": 83.0, ""TRIBUNAL"": ""1º Juzgado de Letras de Quilpue"", ""RIT"": ""M-35-2022"", ""RUC"": ""22- 4-408496-1"", ""MOTIVO_TERMINO"": ""Transacción"", ""TIPO_PROCEDIMIENTO"": ""Monitorio"", ""FECHA_INGRESO"": ""2022-06-13"", ""FECHA_TERMIN",,False
causas_tramitacion_competencia_detalle,Laboral,2023,https://estadisticaservices.pjud.cl/pjen/causas_tramitacion_competencia_detalle/30/0/Laboral/2023,200,lista,5498,1919674,PERIODO_ANO|CODIGO_CORTE|GLOSA_CORTE|CODIGO_TRIBUNAL|GLOSA_TRIBUNAL|TIPO_CAUSA|RIT|ANO|FECHA_INGRESO|GLOSA_MATERIA|ETAPA_CAUSA|ULT_DILIGENCIA,"{""PERIODO_ANO"": 2023.0, ""CODIGO_CORTE"": 30.0, ""GLOSA_CORTE"": ""C.A. de Valparaiso"", ""CODIGO_TRIBUNAL"": 83.0, ""GLOSA_TRIBUNAL"": ""1º Juzgado de Letras de Quilpue"", ""TIPO_CAUSA"": ""M"", ""RIT"": 59.0, ""ANO"": 2016.0, ""FECHA_INGRESO"": ""2016-10-24"", ""GLOSA_MATERIA"": ""Prestaciones"", ""ETAPA_CAUSA"": ""Cumplimiento",,False
audiencias_realizadas_competencia_detalle,Laboral,2023,https://estadisticaservices.pjud.cl/pjen/audiencias_realizadas_competencia_detalle/30/0/Laboral/2023,200,lista,6709,3734446,ID_CAUSA|COD_CORTE|CORTE|COD_TRIBUNAL|TRIBUNAL|RIT|TIPO_PROCEDIMIENTO|TIPO_AUDIENCIA|FECHA_INGRESO|FECHA_PROGRAMACION|FECHA_AUDIENCIA|FECHA_FIRMA|PLAZO_AGENDAMIENTO|HORA_INICIO|HORA_FIN|VIDEOCONFERENCIA|ANO_AUDIENCIA|COMPETENCIA|TOTAL_AUDIENCIAS|RUC|ID_AUDIENCIA,"{""ID_CAUSA"": 1167922.0, ""COD_CORTE"": 30.0, ""CORTE"": ""C.A. de Valparaíso"", ""COD_TRIBUNAL"": 83.0, ""TRIBUNAL"": ""1º Juzgado de Letras de Quilpué"", ""RIT"": ""T-10-2023"", ""TIPO_PROCEDIMIENTO"": ""Tutela"", ""TIPO_AUDIENCIA"": ""Audiencia preparatoria"", ""FECHA_INGRESO"": ""2023-04-24"", ""FECHA_PROGRAMACION"": ""2023-06",,False
ingresos_rol_competencia_detalle,Laboral,2024,https://estadisticaservices.pjud.cl/pjen/ingresos_rol_competencia_detalle/30/0/Laboral/2024,200,lista,8395,2627468,ID_CAUSA|COD_CORTE|CORTE|COD_TRIBUNAL|TRIBUNAL|RIT|RUC|TIPO_PROCEDIMIENTO|FECHA_INGRESO|MES_INGRESO|ANO_INGRESO|COMPETENCIA,"{""ID_CAUSA"": 1264023.0, ""COD_CORTE"": 30.0, ""CORTE"": ""C.A. de Valparaiso"", ""COD_TRIBUNAL"": 83.0, ""TRIBUNAL"": ""1º Juzgado de Letras de Quilpue"", ""RIT"": ""M-7-2024"", ""RUC"": ""24- 4-546006-4"", ""TIPO_PROCEDIMIENTO"": ""Monitorio"", ""FECHA_INGRESO"": ""2024-01-29"", ""MES_INGRESO"": 1.0, ""ANO_INGRESO"": 2024.0, ""COM",,False
terminos_rol_competencia_detalle,Laboral,2024,https://estadisticaservices.pjud.cl/pjen/terminos_rol_competencia_detalle/30/0/Laboral/2024,200,lista,3904,1525274,ID_CAUSA|COD_CORTE|CORTE|COD_TRIBUNAL|TRIBUNAL|RIT|RUC|TIPO_PROCEDIMIENTO|FECHA_INGRESO|FECHA_TERMINO|MES_TERMINO|ANO_TERMINO|TOTAL_TERMINOS|SISTEMA|COMPETENCIA|MOTIVO_TERMINO,"{""ID_CAUSA"": 1129944, ""COD_CORTE"": 30, ""CORTE"": ""C.A. DE VALPARAISO"", ""COD_TRIBUNAL"": 83, ""TRIBUNAL"": ""1º JUZGADO DE LETRAS DE QUILPUE"", ""RIT"": ""M-92-2022"", ""RUC"": ""22- 4-449714-K"", ""TIPO_PROCEDIMIENTO"": ""MONITORIO"", ""FECHA_INGRESO"": ""28-12-2022"", ""FECHA_TERMINO"": ""21-03-2024"", ""MES_TERMINO"": 3, ""AN",,False
ingresos_materia_competencia_detalle,Laboral,2024,https://estadisticaservices.pjud.cl/pjen/ingresos_materia_competencia_detalle/30/0/Laboral/2024,200,lista,41242,17506102,ID_CAUSA|COD_CORTE|CORTE|COD_TRIBUNAL|TRIBUNAL|RIT|RUC|TIPO_PROCEDIMIENTO|COD_MATERIA|MATERIA|FORMA_INICIO|TIPO_INGRESO|FECHA_INGRESO|MES_INGRESO|ANO_INGRESO|COMPETENCIA,"{""ID_CAUSA"": 1256237.0, ""COD_CORTE"": 30.0, ""CORTE"": ""C.A. de Valparaiso"", ""COD_TRIBUNAL"": 83.0, ""TRIBUNAL"": ""1º Juzgado de Letras de Quilpue"", ""RIT"": ""23- 4-533677-4"", ""RUC"": ""M-2-2024"", ""TIPO_PROCEDIMIENTO"": ""Monitorio"", ""COD_MATERIA"": ""L021"", ""MATERIA"": ""Costas"", ""FORMA_INICIO"": ""Incompetencia"", """,,False
terminos_materia_competencia_detalle,Laboral,2024,https://estadisticaservices.pjud.cl/pjen/terminos_materia_competencia_detalle/30/0/Laboral/2024,200,lista,45524,24079560,ID_CAUSA|COD_CORTE|CORTE|COD_TRIBUNAL|TRIBUNAL|RIT|RUC|TIPO_PROCEDIMIENTO|COD_MATERIA|MATERIA|FECHA_INGRESO|FECHA_TERMINO|MES_TERMINO|ANO_TERMINO|MOTIVO_TERMINO|DURACION_HABILES|TOTAL_TERMINOS|SISTEMA|COMPETENCIA,"{""ID_CAUSA"": 1357606.0, ""COD_CORTE"": 30.0, ""CORTE"": ""C.A. de Valparaiso"", ""COD_TRIBUNAL"": 83.0, ""TRIBUNAL"": ""1º Juzgado de Letras de Quilpue"", ""RIT"": ""T-37-2024"", ""RUC"": ""24- 4-613004-1"", ""TIPO_PROCEDIMIENTO"": ""Tutela"", ""COD_MATERIA"": ""L005"", ""MATERIA"": ""Art. 19 Nº 4 CPR. Vida Privada y Honra"", ""FEC",,False
duracion_causas_competencia_detalle,Laboral,2024,https://estadisticaservices.pjud.cl/pjen/duracion_causas_competencia_detalle/30/0/Laboral/2024,200,lista,8411,4656542,ID_CAUSA|COD_CORTE|CORTE|COD_TRIBUNAL|TRIBUNAL|RIT|RUC|MOTIVO_TERMINO|TIPO_PROCEDIMIENTO|FECHA_INGRESO|FECHA_TERMINO|MES_TERMINO|ANO_TERMINO|COMPETENCIA|DURACION,"{""ID_CAUSA"": 1196339.0, ""COD_CORTE"": 30.0, ""CORTE"": ""C.A. de Valparaiso"", ""COD_TRIBUNAL"": 83.0, ""TRIBUNAL"": ""1º Juzgado de Letras de Quilpue"", ""RIT"": ""M-58-2023"", ""RUC"": ""23- 4-497722-9"", ""MOTIVO_TERMINO"": ""Sentencia"", ""TIPO_PROCEDIMIENTO"": ""Monitorio"", ""FECHA_INGRESO"": ""2023-07-12"", ""FECHA_TERMINO""",,False
causas_tramitacion_competencia_detalle,Laboral,2024,https://estadisticaservices.pjud.cl/pjen/causas_tramitacion_competencia_detalle/30/0/Laboral/2024,200,lista,4384,1529313,PERIODO_ANO|CODIGO_CORTE|GLOSA_CORTE|CODIGO_TRIBUNAL|GLOSA_TRIBUNAL|TIPO_CAUSA|RIT|ANO|FECHA_INGRESO|GLOSA_MATERIA|ETAPA_CAUSA|ULT_DILIGENCIA,"{""PERIODO_ANO"": 2024.0, ""CODIGO_CORTE"": 30.0, ""GLOSA_CORTE"": ""C.A. de Valparaiso"", ""CODIGO_TRIBUNAL"": 83.0, ""GLOSA_TRIBUNAL"": ""1º Juzgado de Letras de Quilpue"", ""TIPO_CAUSA"": ""M"", ""RIT"": 59.0, ""ANO"": 2016.0, ""FECHA_INGRESO"": ""2016-10-24"", ""GLOSA_MATERIA"": ""Prestaciones"", ""ETAPA_CAUSA"": ""Cumplimiento",,False
audiencias_realizadas_competencia_detalle,Laboral,2024,https://estadisticaservices.pjud.cl/pjen/audiencias_realizadas_competencia_detalle/30/0/Laboral/2024,200,lista,7820,4403818,ID_CAUSA|COD_CORTE|CORTE|COD_TRIBUNAL|TRIBUNAL|RIT|TIPO_PROCEDIMIENTO|TIPO_AUDIENCIA|FECHA_INGRESO|FECHA_PROGRAMACION|FECHA_AUDIENCIA|FECHA_FIRMA|PLAZO_AGENDAMIENTO|HORA_INICIO|HORA_FIN|VIDEOCONFERENCIA|ANO_AUDIENCIA|COMPETENCIA|TOTAL_AUDIENCIAS|RUC|ID_AUDIENCIA,"{""ID_CAUSA"": 1288770.0, ""COD_CORTE"": 30.0, ""CORTE"": ""C.A. de Valparaíso"", ""COD_TRIBUNAL"": 83.0, ""TRIBUNAL"": ""1º Juzgado de Letras de Quilpué"", ""RIT"": ""O-30-2024"", ""TIPO_PROCEDIMIENTO"": ""Ordinario"", ""TIPO_AUDIENCIA"": ""Audiencia Preparatoria"", ""FECHA_INGRESO"": ""2024-04-05"", ""FECHA_PROGRAMACION"": ""2024",,False
ingresos_rol_competencia_detalle,Laboral,2025,https://estadisticaservices.pjud.cl/pjen/ingresos_rol_competencia_detalle/30/0/Laboral/2025,200,lista,10102,3163271,ID_CAUSA|COD_CORTE|CORTE|COD_TRIBUNAL|TRIBUNAL|RIT|RUC|TIPO_PROCEDIMIENTO|FECHA_INGRESO|MES_INGRESO|ANO_INGRESO|COMPETENCIA,"{""ID_CAUSA"": 1400764.0, ""COD_CORTE"": 30.0, ""CORTE"": ""C.A. de Valparaiso"", ""COD_TRIBUNAL"": 83.0, ""TRIBUNAL"": ""1º Juzgado de Letras de Quilpué"", ""RIT"": ""M-8-2025"", ""RUC"": ""25- 4-644143-4"", ""TIPO_PROCEDIMIENTO"": ""Monitorio"", ""FECHA_INGRESO"": ""2025-02-04"", ""MES_INGRESO"": 2.0, ""ANO_INGRESO"": 2025.0, ""COM",,False
terminos_rol_competencia_detalle,Laboral,2025,https://estadisticaservices.pjud.cl/pjen/terminos_rol_competencia_detalle/30/0/Laboral/2025,200,lista,9045,3648737,ID_CAUSA|COD_CORTE|CORTE|COD_TRIBUNAL|TRIBUNAL|RIT|RUC|TIPO_PROCEDIMIENTO|FECHA_INGRESO|FECHA_TERMINO|MES_TERMINO|ANO_TERMINO|TOTAL_TERMINOS|SISTEMA|COMPETENCIA|MOTIVO_TERMINO,"{""ID_CAUSA"": 1199180.0, ""COD_CORTE"": 30.0, ""CORTE"": ""C.A. de Valparaiso"", ""COD_TRIBUNAL"": 83.0, ""TRIBUNAL"": ""1º Juzgado de Letras de Quilpué"", ""RIT"": ""O-61-2023"", ""RUC"": ""23- 4-499853-6"", ""TIPO_PROCEDIMIENTO"": ""Ordinario"", ""FECHA_INGRESO"": ""19-07-2023"", ""FECHA_TERMINO"": ""05-03-2025"", ""MES_TERMINO"": ",,False
ingresos_materia_competencia_detalle,Laboral,2025,https://estadisticaservices.pjud.cl/pjen/ingresos_materia_competencia_detalle/30/0/Laboral/2025,200,lista,58113,24313840,ID_CAUSA|COD_CORTE|CORTE|COD_TRIBUNAL|TRIBUNAL|RIT|RUC|TIPO_PROCEDIMIENTO|COD_MATERIA|MATERIA|FORMA_INICIO|TIPO_INGRESO|FECHA_INGRESO|MES_INGRESO|ANO_INGRESO|COMPETENCIA,"{""ID_CAUSA"": 1457962.0, ""COD_CORTE"": 30.0, ""CORTE"": ""C.A. de Valparaiso"", ""COD_TRIBUNAL"": 83.0, ""TRIBUNAL"": ""1º Juzgado de Letras de Quilpue"", ""RIT"": ""O-63-2025"", ""RUC"": ""25- 4-687121-8"", ""TIPO_PROCEDIMIENTO"": ""Ordinario"", ""COD_MATERIA"": ""L001"", ""MATERIA"": ""Accidentes del trabajo y enfermedades prof",,False
terminos_materia_competencia_detalle,Laboral,2025,https://estadisticaservices.pjud.cl/pjen/terminos_materia_competencia_detalle/30/0/Laboral/2025,200,lista,49134,25991769,ID_CAUSA|COD_CORTE|CORTE|COD_TRIBUNAL|TRIBUNAL|RIT|RUC|TIPO_PROCEDIMIENTO|COD_MATERIA|MATERIA|FECHA_INGRESO|FECHA_TERMINO|MES_TERMINO|ANO_TERMINO|MOTIVO_TERMINO|DURACION_HABILES|TOTAL_TERMINOS|SISTEMA|COMPETENCIA,"{""ID_CAUSA"": 1370020.0, ""COD_CORTE"": 30.0, ""CORTE"": ""C.A. de Valparaiso"", ""COD_TRIBUNAL"": 83.0, ""TRIBUNAL"": ""1º Juzgado de Letras de Quilpue"", ""RIT"": ""M-82-2024"", ""RUC"": ""24- 4-621878-K"", ""TIPO_PROCEDIMIENTO"": ""Monitorio"", ""COD_MATERIA"": ""L021"", ""MATERIA"": ""Costas"", ""FECHA_INGRESO"": ""2024/11/12 00:0",,False
duracion_causas_competencia_detalle,Laboral,2025,https://estadisticaservices.pjud.cl/pjen/duracion_causas_competencia_detalle/30/0/Laboral/2025,200,lista,9045,5003239,ID_CAUSA|COD_CORTE|CORTE|COD_TRIBUNAL|TRIBUNAL|RIT|RUC|MOTIVO_TERMINO|TIPO_PROCEDIMIENTO|FECHA_INGRESO|FECHA_TERMINO|MES_TERMINO|ANO_TERMINO|COMPETENCIA|DURACION,"{""ID_CAUSA"": 1199180.0, ""COD_CORTE"": 30.0, ""CORTE"": ""C.A. de Valparaiso"", ""COD_TRIBUNAL"": 83.0, ""TRIBUNAL"": ""1º Juzgado de Letras de Quilpue"", ""RIT"": ""O-61-2023"", ""RUC"": ""23- 4-499853-6"", ""MOTIVO_TERMINO"": ""Conciliación"", ""TIPO_PROCEDIMIENTO"": ""Ordinario"", ""FECHA_INGRESO"": ""2023-07-19"", ""FECHA_TERMI",,False
causas_tramitacion_competencia_detalle,Laboral,2025,https://estadisticaservices.pjud.cl/pjen/causas_tramitacion_competencia_detalle/30/0/Laboral/2025,200,lista,6860,2386254,PERIODO_ANO|CODIGO_CORTE|GLOSA_CORTE|CODIGO_TRIBUNAL|GLOSA_TRIBUNAL|TIPO_CAUSA|RIT|ANO|FECHA_INGRESO|GLOSA_MATERIA|ETAPA_CAUSA|ULT_DILIGENCIA,"{""PERIODO_ANO"": 2025.0, ""CODIGO_CORTE"": 30.0, ""GLOSA_CORTE"": ""C.A. de Valparaiso"", ""CODIGO_TRIBUNAL"": 83.0, ""GLOSA_TRIBUNAL"": ""1º Juzgado de Letras de Quilpue"", ""TIPO_CAUSA"": ""M"", ""RIT"": 59.0, ""ANO"": 2016.0, ""FECHA_INGRESO"": ""2016-10-24"", ""GLOSA_MATERIA"": ""Prestaciones"", ""ETAPA_CAUSA"": ""Cumplimiento",,False
audiencias_realizadas_competencia_detalle,Laboral,2025,https://estadisticaservices.pjud.cl/pjen/audiencias_realizadas_competencia_detalle/30/0/Laboral/2025,200,lista,8932,4987728,ID_CAUSA|COD_CORTE|CORTE|COD_TRIBUNAL|TRIBUNAL|RIT|TIPO_PROCEDIMIENTO|TIPO_AUDIENCIA|FECHA_INGRESO|FECHA_PROGRAMACION|FECHA_AUDIENCIA|FECHA_FIRMA|PLAZO_AGENDAMIENTO|HORA_INICIO|HORA_FIN|VIDEOCONFERENCIA|ANO_AUDIENCIA|COMPETENCIA|TOTAL_AUDIENCIAS|RUC|ID_AUDIENCIA,"{""ID_CAUSA"": 1364843.0, ""COD_CORTE"": 30.0, ""CORTE"": ""C.A. DE VALPARAISO"", ""COD_TRIBUNAL"": 83.0, ""TRIBUNAL"": ""1º JUZGADO DE LETRAS DE QUILPUE"", ""RIT"": ""T-38-2024"", ""TIPO_PROCEDIMIENTO"": ""Tutela"", ""TIPO_AUDIENCIA"": ""AUDIENCIA PREPARATORIA"", ""FECHA_INGRESO"": ""2024-10-28"", ""FECHA_PROGRAMACION"": ""2024-11",,False
ingresos_rol_competencia_detalle,Top,2020,https://estadisticaservices.pjud.cl/pjen/ingresos_rol_competencia_detalle/30/0/Top/2020,200,lista,20225,6411554,COD_CORTE|CORTE|COD_TRIBUNAL|TRIBUNAL|RIT|TIPO_PROCEDIMIENTO|FECHA_INGRESO|MES_INGRESO|ANO_INGRESO|COMPETENCIA|ID_CAUSA|RUC,"{""COD_CORTE"": 30.0, ""CORTE"": ""C.A. DE VALPARAÍSO"", ""COD_TRIBUNAL"": 1048.0, ""TRIBUNAL"": ""TRIBUNAL DE JUICIO ORAL EN LO PENAL VIÑA DEL MAR"", ""RIT"": ""1-2015"", ""TIPO_PROCEDIMIENTO"": ""Ordinaria"", ""FECHA_INGRESO"": ""2015-01-02"", ""MES_INGRESO"": 1.0, ""ANO_INGRESO"": 2015.0, ""COMPETENCIA"": ""Penal"", ""ID_CAUSA"":",,False
terminos_rol_competencia_detalle,Top,2020,https://estadisticaservices.pjud.cl/pjen/terminos_rol_competencia_detalle/30/0/Top/2020,200,lista,19614,8136947,COD_CORTE|CORTE|COD_TRIBUNAL|TRIBUNAL|RIT|TIPO_PROCEDIMIENTO|FECHA_INGRESO|FECHA_TERMINO|MOTIVO_TERMINO|MES_TERMINO|ANO_TERMINO|TOTAL_TERMINOS|SISTEMA|COMPETENCIA|ID_CAUSA|RUC,"{""COD_CORTE"": 30, ""CORTE"": ""C.A. DE VALPARAÍSO"", ""COD_TRIBUNAL"": 1048, ""TRIBUNAL"": ""TRIBUNAL DE JUICIO ORAL EN LO PENAL VIÑA DEL MAR"", ""RIT"": ""100-2015"", ""TIPO_PROCEDIMIENTO"": ""Ordinaria"", ""FECHA_INGRESO"": ""2015/04/06 00:00:00.000"", ""FECHA_TERMINO"": ""2015/06/22 00:00:00.000"", ""MOTIVO_TERMINO"": ""SENT",,False
ingresos_materia_competencia_detalle,Top,2020,https://estadisticaservices.pjud.cl/pjen/ingresos_materia_competencia_detalle/30/0/Top/2020,200,lista,1450,614082,_id|CANTIDAD,"{""_id"": {""COD_CORTE"": 30.0, ""CORTE"": ""C.A. DE VALPARAÍSO."", ""COD_TRIBUNAL"": 1048.0, ""TRIBUNAL"": ""TRIBUNAL DE JUICIO ORAL EN LO PENAL VIÑA DEL MAR."", ""RIT"": ""165--2020"", ""COD_MATERIA"": 803.0, ""MATERIA"": ""ROBO CON VIOLENCIA"", ""MES_INGRESO"": ""06"", ""ANO_INGRESO"": 2020.0, ""COMPETENCIA"": ""Penal"", ""ID_CAUS",,False
terminos_materia_competencia_detalle,Top,2020,https://estadisticaservices.pjud.cl/pjen/terminos_materia_competencia_detalle/30/0/Top/2020,200,lista,1121,573360,COD_CORTE|CORTE|COD_TRIBUNAL|TRIBUNAL|RIT|TIPO_CAUSA|COD_MATERIA|MATERIA|FECHA_INGRESO|FECHA_TERMINO|MES_TERMINO|ANO_TERMINO|MOTIVO_TERMINO|DURACION_CAUSA|TOTAL_TERMINOS|SISTEMA|COMPETENCIA|ID_CAUSA|RUC,"{""COD_CORTE"": 30.0, ""CORTE"": ""C.A. DE VALPARAÍSO."", ""COD_TRIBUNAL"": 1048.0, ""TRIBUNAL"": ""TRIBUNAL DE JUICIO ORAL EN LO PENAL VIÑA DEL MAR."", ""RIT"": ""1--66--2013"", ""TIPO_CAUSA"": ""ORDINARIA"", ""COD_MATERIA"": 901.0, ""MATERIA"": ""CUASIDELITO DE LESIONES ART. 490, 491 INC. 2° Y 492"", ""FECHA_INGRESO"": ""2013",,False
duracion_causas_competencia_detalle,Top,2020,https://estadisticaservices.pjud.cl/pjen/duracion_causas_competencia_detalle/30/0/Top/2020,200,lista,783,475478,COD_CORTE|CORTE|COD_TRIBUNAL|TRIBUNAL|RIT|MOTIVO_TERMINO|TIPO_PROCEDIMIENTO|FECHA_INGRESO|FECHA_TERMINO|MES_TERMINO|ANO_TERMINO|COMPETENCIA|TOTAL_CAUSAS|DURACION|ID_CAUSA|RUC,"{""COD_CORTE"": 30.0, ""CORTE"": ""C.A. de Valparaíso."", ""COD_TRIBUNAL"": 1048.0, ""TRIBUNAL"": ""TRIBUNAL DE JUICIO ORAL EN LO PENAL VIÑA DEL MAR."", ""RIT"": ""1--66--2013"", ""MOTIVO_TERMINO"": ""DECLARA SOBRESEIMIENTO DEFINITIVO."", ""TIPO_PROCEDIMIENTO"": ""ORDINARIA"", ""FECHA_INGRESO"": ""2013/02/19 00:00:00.000"", ""F",,False
causas_tramitacion_competencia_detalle,Top,2020,https://estadisticaservices.pjud.cl/pjen/causas_tramitacion_competencia_detalle/30/0/Top/2020,200,lista,674,330879,PERIODO_ANO|CODIGO_CORTE|GLOSA_CORTE|CODIGO_TRIBUNAL|GLOSA_TRIBUNAL|TIPO_CAUSA|RIT|ANO|FECHA_INGRESO|CODIGO_MATERIA|GLOSA_MATERIA|ETAPA_CAUSA|ULT_DILIGENCIA|TIPO_ULT_DILIGENCIA|FLG_RESERVADA,"{""PERIODO_ANO"": 2020.0, ""CODIGO_CORTE"": 30.0, ""GLOSA_CORTE"": ""CORTE DE APELACIONES DE VALPARAISO"", ""CODIGO_TRIBUNAL"": 1048.0, ""GLOSA_TRIBUNAL"": ""TRIBUNAL DE JUICIO ORAL EN LO PENAL VIÑA DEL MAR"", ""TIPO_CAUSA"": 1.0, ""RIT"": 297.0, ""ANO"": 2020.0, ""FECHA_INGRESO"": ""2020-12-22"", ""CODIGO_MATERIA"": 7007.0,",,False
audiencias_realizadas_competencia_detalle,Top,2020,https://estadisticaservices.pjud.cl/pjen/audiencias_realizadas_competencia_detalle/30/0/Top/2020,200,lista,4363,2104127,COD_CORTE|CORTE|COD_TRIBUNAL|TRIBUNAL|RIT|TIPO_AUDIENCIA|FECHA_PROGRAMACION|FECHA_AUDIENCIA|PLAZO_AGENDAMIENTO|ANO_AUDIENCIA|COMPETENCIA|TOTAL_AUDIENCIAS|ID_CAUSA|RUC|ID_AUDIENCIA|HORA_INICIO|HORA_FIN|VIDEOCONFERENCIA,"{""COD_CORTE"": 30.0, ""CORTE"": ""C.A. DE VALPARAÍSO."", ""COD_TRIBUNAL"": 1048.0, ""TRIBUNAL"": ""TRIBUNAL DE JUICIO ORAL EN LO PENAL VIÑA DEL MAR."", ""RIT"": ""76--2006"", ""TIPO_AUDIENCIA"": ""AUDIENCIA PARA REV.  DE LA SENT. Y PENAS"", ""FECHA_PROGRAMACION"": ""2020-11-06"", ""FECHA_AUDIENCIA"": ""2020-12-09"", ""PLAZO_AG",,False
ingresos_rol_competencia_detalle,Top,2021,https://estadisticaservices.pjud.cl/pjen/ingresos_rol_competencia_detalle/30/0/Top/2021,200,lista,20225,6411554,COD_CORTE|CORTE|COD_TRIBUNAL|TRIBUNAL|RIT|TIPO_PROCEDIMIENTO|FECHA_INGRESO|MES_INGRESO|ANO_INGRESO|COMPETENCIA|ID_CAUSA|RUC,"{""COD_CORTE"": 30.0, ""CORTE"": ""C.A. DE VALPARAÍSO"", ""COD_TRIBUNAL"": 1048.0, ""TRIBUNAL"": ""TRIBUNAL DE JUICIO ORAL EN LO PENAL VIÑA DEL MAR"", ""RIT"": ""1-2015"", ""TIPO_PROCEDIMIENTO"": ""Ordinaria"", ""FECHA_INGRESO"": ""2015-01-02"", ""MES_INGRESO"": 1.0, ""ANO_INGRESO"": 2015.0, ""COMPETENCIA"": ""Penal"", ""ID_CAUSA"":",,False
terminos_rol_competencia_detalle,Top,2021,https://estadisticaservices.pjud.cl/pjen/terminos_rol_competencia_detalle/30/0/Top/2021,200,lista,19614,8136947,COD_CORTE|CORTE|COD_TRIBUNAL|TRIBUNAL|RIT|TIPO_PROCEDIMIENTO|FECHA_INGRESO|FECHA_TERMINO|MOTIVO_TERMINO|MES_TERMINO|ANO_TERMINO|TOTAL_TERMINOS|SISTEMA|COMPETENCIA|ID_CAUSA|RUC,"{""COD_CORTE"": 30, ""CORTE"": ""C.A. DE VALPARAÍSO"", ""COD_TRIBUNAL"": 1048, ""TRIBUNAL"": ""TRIBUNAL DE JUICIO ORAL EN LO PENAL VIÑA DEL MAR"", ""RIT"": ""100-2015"", ""TIPO_PROCEDIMIENTO"": ""Ordinaria"", ""FECHA_INGRESO"": ""2015/04/06 00:00:00.000"", ""FECHA_TERMINO"": ""2015/06/22 00:00:00.000"", ""MOTIVO_TERMINO"": ""SENT",,False
ingresos_materia_competencia_detalle,Top,2021,https://estadisticaservices.pjud.cl/pjen/ingresos_materia_competencia_detalle/30/0/Top/2021,200,lista,2328,1062309,_id|CANTIDAD,"{""_id"": {""COD_CORTE"": 30.0, ""CORTE"": ""C.A. DE VALPARAÍSO."", ""COD_TRIBUNAL"": 1054.0, ""TRIBUNAL"": ""TRIBUNAL DE JUICIO ORAL EN LO PENAL DE VALPARAÍSO."", ""RIT"": ""1-228-2021"", ""RUC"": ""2000312281-7"", ""COD_MATERIA"": 7038.0, ""MATERIA"": ""CONSUMO O PORTE EN LUGARES PÚBLICOS O PRIVADOS CON PREVIO CONCIERTO (AR",,False
terminos_materia_competencia_detalle,Top,2021,https://estadisticaservices.pjud.cl/pjen/terminos_materia_competencia_detalle/30/0/Top/2021,200,lista,2050,1084673,COD_CORTE|CORTE|COD_TRIBUNAL|TRIBUNAL|RIT|RUC|TIPO_CAUSA|COD_MATERIA|MATERIA|FECHA_INGRESO|FECHA_TERMINO|MES_TERMINO|ANO_TERMINO|MOTIVO_TERMINO|DURACION_CAUSA|TOTAL_TERMINOS|SISTEMA|COMPETENCIA|ID_CAUSA,"{""COD_CORTE"": 30.0, ""CORTE"": ""C.A. DE VALPARAÍSO."", ""COD_TRIBUNAL"": 1054.0, ""TRIBUNAL"": ""TRIBUNAL DE JUICIO ORAL EN LO PENAL DE VALPARAÍSO."", ""RIT"": ""1--203--2015"", ""RUC"": ""1400813925-4"", ""TIPO_CAUSA"": ""ORDINARIO"", ""COD_MATERIA"": 7037.0, ""MATERIA"": ""MICROTRÁFICO (TRÁFICO DE PEQUEÑAS CANTIDADES) ART.",,False
duracion_causas_competencia_detalle,Top,2021,https://estadisticaservices.pjud.cl/pjen/duracion_causas_competencia_detalle/30/0/Top/2021,200,lista,1298,800738,COD_CORTE|CORTE|COD_TRIBUNAL|TRIBUNAL|RIT|RUC|MOTIVO_TERMINO|TIPO_PROCEDIMIENTO|FECHA_INGRESO|FECHA_TERMINO|MES_TERMINO|ANO_TERMINO|COMPETENCIA|TOTAL_CAUSAS|DURACION|ID_CAUSA,"{""COD_CORTE"": 30.0, ""CORTE"": ""C.A. DE VALPARAÍSO."", ""COD_TRIBUNAL"": 1054.0, ""TRIBUNAL"": ""TRIBUNAL DE JUICIO ORAL EN LO PENAL DE VALPARAÍSO."", ""RIT"": ""1--203--2015"", ""RUC"": ""1400813925-4"", ""MOTIVO_TERMINO"": ""DECLARA SOBRESEIMIENTO DEFINITIVO."", ""TIPO_PROCEDIMIENTO"": ""ORDINARIA"", ""FECHA_INGRESO"": ""201",,False
causas_tramitacion_competencia_detalle,Top,2021,https://estadisticaservices.pjud.cl/pjen/causas_tramitacion_competencia_detalle/30/0/Top/2021,200,lista,968,477848,PERIODO_ANO|CODIGO_CORTE|GLOSA_CORTE|CODIGO_TRIBUNAL|GLOSA_TRIBUNAL|TIPO_CAUSA|RIT|ANO|FECHA_INGRESO|CODIGO_MATERIA|GLOSA_MATERIA|ETAPA_CAUSA|ULT_DILIGENCIA|TIPO_ULT_DILIGENCIA|FLG_RESERVADA,"{""PERIODO_ANO"": 2021.0, ""CODIGO_CORTE"": 30.0, ""GLOSA_CORTE"": ""CORTE DE APELACIONES DE VALPARAISO"", ""CODIGO_TRIBUNAL"": 1062.0, ""GLOSA_TRIBUNAL"": ""TRIBUNAL DE JUICIO ORAL EN LO PENAL SAN ANTONIO"", ""TIPO_CAUSA"": 1.0, ""RIT"": 51.0, ""ANO"": 2019.0, ""FECHA_INGRESO"": ""2019-03-28"", ""CODIGO_MATERIA"": 846.0, ""G",,False
audiencias_realizadas_competencia_detalle,Top,2021,https://estadisticaservices.pjud.cl/pjen/audiencias_realizadas_competencia_detalle/30/0/Top/2021,200,lista,6103,3182402,COD_CORTE|CORTE|COD_TRIBUNAL|TRIBUNAL|RIT|RUC|TIPO_AUDIENCIA|FECHA_INGRESO|FECHA_PROGRAMACION|FECHA_AUDIENCIA|PLAZO_AGENDAMIENTO|VIDEOCONFERENCIA|ANO_AUDIENCIA|COMPETENCIA|TOTAL_AUDIENCIAS|ID_CAUSA|ID_AUDIENCIA|HORA_INICIO|HORA_FIN,"{""COD_CORTE"": 30.0, ""CORTE"": ""C.A. DE VALPARAÍSO."", ""COD_TRIBUNAL"": 1054.0, ""TRIBUNAL"": ""TRIBUNAL DE JUICIO ORAL EN LO PENAL DE VALPARAÍSO."", ""RIT"": ""1-462-2010"", ""RUC"": ""0900544922-4"", ""TIPO_AUDIENCIA"": ""AUDIENCIA DE SOBRESEIMIENTO."", ""FECHA_INGRESO"": ""2010-12-17"", ""FECHA_PROGRAMACION"": ""2021-10-12",,False
ingresos_rol_competencia_detalle,Top,2022,https://estadisticaservices.pjud.cl/pjen/ingresos_rol_competencia_detalle/30/0/Top/2022,200,lista,20225,6411554,COD_CORTE|CORTE|COD_TRIBUNAL|TRIBUNAL|RIT|TIPO_PROCEDIMIENTO|FECHA_INGRESO|MES_INGRESO|ANO_INGRESO|COMPETENCIA|ID_CAUSA|RUC,"{""COD_CORTE"": 30.0, ""CORTE"": ""C.A. DE VALPARAÍSO"", ""COD_TRIBUNAL"": 1048.0, ""TRIBUNAL"": ""TRIBUNAL DE JUICIO ORAL EN LO PENAL VIÑA DEL MAR"", ""RIT"": ""1-2015"", ""TIPO_PROCEDIMIENTO"": ""Ordinaria"", ""FECHA_INGRESO"": ""2015-01-02"", ""MES_INGRESO"": 1.0, ""ANO_INGRESO"": 2015.0, ""COMPETENCIA"": ""Penal"", ""ID_CAUSA"":",,False
terminos_rol_competencia_detalle,Top,2022,https://estadisticaservices.pjud.cl/pjen/terminos_rol_competencia_detalle/30/0/Top/2022,200,lista,19614,8136947,COD_CORTE|CORTE|COD_TRIBUNAL|TRIBUNAL|RIT|TIPO_PROCEDIMIENTO|FECHA_INGRESO|FECHA_TERMINO|MOTIVO_TERMINO|MES_TERMINO|ANO_TERMINO|TOTAL_TERMINOS|SISTEMA|COMPETENCIA|ID_CAUSA|RUC,"{""COD_CORTE"": 30, ""CORTE"": ""C.A. DE VALPARAÍSO"", ""COD_TRIBUNAL"": 1048, ""TRIBUNAL"": ""TRIBUNAL DE JUICIO ORAL EN LO PENAL VIÑA DEL MAR"", ""RIT"": ""100-2015"", ""TIPO_PROCEDIMIENTO"": ""Ordinaria"", ""FECHA_INGRESO"": ""2015/04/06 00:00:00.000"", ""FECHA_TERMINO"": ""2015/06/22 00:00:00.000"", ""MOTIVO_TERMINO"": ""SENT",,False
ingresos_materia_competencia_detalle,Top,2022,https://estadisticaservices.pjud.cl/pjen/ingresos_materia_competencia_detalle/30/0/Top/2022,200,lista,2743,1272162,_id|CANTIDAD,"{""_id"": {""ID_CAUSA"": 12946966.0, ""COD_CORTE"": 30.0, ""CORTE"": ""C.A. DE VALPARAÍSO."", ""COD_TRIBUNAL"": 1048.0, ""TRIBUNAL"": ""TRIBUNAL DE JUICIO ORAL EN LO PENAL VIÑA DEL MAR."", ""RIT"": ""1-408-2022"", ""RUC"": ""1901009669-6"", ""COD_MATERIA"": 14052.0, ""MATERIA"": ""CONDUCCIÓN ESTADO DE EBRIEDAD CON O SIN DAÑOS O",,False
terminos_materia_competencia_detalle,Top,2022,https://estadisticaservices.pjud.cl/pjen/terminos_materia_competencia_detalle/30/0/Top/2022,200,lista,2457,1308160,ID_CAUSA|COD_CORTE|CORTE|COD_TRIBUNAL|TRIBUNAL|RIT|RUC|TIPO_CAUSA|COD_MATERIA|MATERIA|FECHA_INGRESO|FECHA_TERMINO|MES_TERMINO|ANO_TERMINO|MOTIVO_TERMINO|DURACION_CAUSA|TOTAL_TERMINOS|SISTEMA|COMPETENCIA,"{""ID_CAUSA"": 8873877.0, ""COD_CORTE"": 30.0, ""CORTE"": ""C.A. DE VALPARAÍSO."", ""COD_TRIBUNAL"": 1054.0, ""TRIBUNAL"": ""TRIBUNAL DE JUICIO ORAL EN LO PENAL DE VALPARAÍSO."", ""RIT"": ""1--357--2017"", ""RUC"": ""1500785193-3"", ""TIPO_CAUSA"": ""ORDINARIA"", ""COD_MATERIA"": 804.0, ""MATERIA"": ""ROBO POR SORPRESA ART. 436 I",,False
duracion_causas_competencia_detalle,Top,2022,https://estadisticaservices.pjud.cl/pjen/duracion_causas_competencia_detalle/30/0/Top/2022,200,lista,1626,1013495,ID_CAUSA|COD_CORTE|CORTE|COD_TRIBUNAL|TRIBUNAL|RIT|RUC|MOTIVO_TERMINO|TIPO_PROCEDIMIENTO|FECHA_INGRESO|FECHA_TERMINO|MES_TERMINO|ANO_TERMINO|COMPETENCIA|TOTAL_CAUSAS|DURACION,"{""ID_CAUSA"": 8873877.0, ""COD_CORTE"": 30.0, ""CORTE"": ""C.A. DE VALPARAÍSO."", ""COD_TRIBUNAL"": 1054.0, ""TRIBUNAL"": ""TRIBUNAL DE JUICIO ORAL EN LO PENAL DE VALPARAÍSO."", ""RIT"": ""1--357--2017"", ""RUC"": ""1500785193-3"", ""MOTIVO_TERMINO"": ""SENTENCIA"", ""TIPO_PROCEDIMIENTO"": ""ORDINARIA"", ""FECHA_INGRESO"": ""2017/",,False
causas_tramitacion_competencia_detalle,Top,2022,https://estadisticaservices.pjud.cl/pjen/causas_tramitacion_competencia_detalle/30/0/Top/2022,200,lista,1209,602686,PERIODO_ANO|CODIGO_CORTE|GLOSA_CORTE|CODIGO_TRIBUNAL|GLOSA_TRIBUNAL|TIPO_CAUSA|RIT|ANO|FECHA_INGRESO|CODIGO_MATERIA|GLOSA_MATERIA|ETAPA_CAUSA|ULT_DILIGENCIA|TIPO_ULT_DILIGENCIA|FLG_RESERVADA,"{""PERIODO_ANO"": 2022.0, ""CODIGO_CORTE"": 30.0, ""GLOSA_CORTE"": ""CORTE DE APELACIONES DE VALPARAISO"", ""CODIGO_TRIBUNAL"": 1048.0, ""GLOSA_TRIBUNAL"": ""TRIBUNAL DE JUICIO ORAL EN LO PENAL VIÑA DEL MAR"", ""TIPO_CAUSA"": 1.0, ""RIT"": 113.0, ""ANO"": 2022.0, ""FECHA_INGRESO"": ""2022-03-22"", ""CODIGO_MATERIA"": 7037.0,",,False
audiencias_realizadas_competencia_detalle,Top,2022,https://estadisticaservices.pjud.cl/pjen/audiencias_realizadas_competencia_detalle/30/0/Top/2022,200,lista,7690,4052781,ID_CAUSA|COD_CORTE|CORTE|COD_TRIBUNAL|TRIBUNAL|RIT|RUC|TIPO_AUDIENCIA|FECHA_INGRESO|FECHA_PROGRAMACION|FECHA_AUDIENCIA|PLAZO_AGENDAMIENTO|VIDEOCONFERENCIA|ANO_AUDIENCIA|COMPETENCIA|TOTAL_AUDIENCIAS|ID_AUDIENCIA|HORA_INICIO|HORA_FIN,"{""ID_CAUSA"": 8576928.0, ""COD_CORTE"": 30.0, ""CORTE"": ""C.A. DE VALPARAÍSO."", ""COD_TRIBUNAL"": 1054.0, ""TRIBUNAL"": ""TRIBUNAL DE JUICIO ORAL EN LO PENAL DE VALPARAÍSO."", ""RIT"": ""1-116-2017"", ""RUC"": ""1600809106-8"", ""TIPO_AUDIENCIA"": ""AUDIENCIA DE REVISIÓN PRISIÓN PREVENTIVA."", ""FECHA_INGRESO"": ""2017-03-07",,False
ingresos_rol_competencia_detalle,Top,2023,https://estadisticaservices.pjud.cl/pjen/ingresos_rol_competencia_detalle/30/0/Top/2023,200,lista,20225,6411554,COD_CORTE|CORTE|COD_TRIBUNAL|TRIBUNAL|RIT|TIPO_PROCEDIMIENTO|FECHA_INGRESO|MES_INGRESO|ANO_INGRESO|COMPETENCIA|ID_CAUSA|RUC,"{""COD_CORTE"": 30.0, ""CORTE"": ""C.A. DE VALPARAÍSO"", ""COD_TRIBUNAL"": 1048.0, ""TRIBUNAL"": ""TRIBUNAL DE JUICIO ORAL EN LO PENAL VIÑA DEL MAR"", ""RIT"": ""1-2015"", ""TIPO_PROCEDIMIENTO"": ""Ordinaria"", ""FECHA_INGRESO"": ""2015-01-02"", ""MES_INGRESO"": 1.0, ""ANO_INGRESO"": 2015.0, ""COMPETENCIA"": ""Penal"", ""ID_CAUSA"":",,False
terminos_rol_competencia_detalle,Top,2023,https://estadisticaservices.pjud.cl/pjen/terminos_rol_competencia_detalle/30/0/Top/2023,200,lista,19614,8136947,COD_CORTE|CORTE|COD_TRIBUNAL|TRIBUNAL|RIT|TIPO_PROCEDIMIENTO|FECHA_INGRESO|FECHA_TERMINO|MOTIVO_TERMINO|MES_TERMINO|ANO_TERMINO|TOTAL_TERMINOS|SISTEMA|COMPETENCIA|ID_CAUSA|RUC,"{""COD_CORTE"": 30, ""CORTE"": ""C.A. DE VALPARAÍSO"", ""COD_TRIBUNAL"": 1048, ""TRIBUNAL"": ""TRIBUNAL DE JUICIO ORAL EN LO PENAL VIÑA DEL MAR"", ""RIT"": ""100-2015"", ""TIPO_PROCEDIMIENTO"": ""Ordinaria"", ""FECHA_INGRESO"": ""2015/04/06 00:00:00.000"", ""FECHA_TERMINO"": ""2015/06/22 00:00:00.000"", ""MOTIVO_TERMINO"": ""SENT",,False
ingresos_materia_competencia_detalle,Top,2023,https://estadisticaservices.pjud.cl/pjen/ingresos_materia_competencia_detalle/30/0/Top/2023,200,lista,3283,1524435,_id|CANTIDAD,"{""_id"": {""ID_CAUSA"": 13691751.0, ""COD_CORTE"": 30.0, ""CORTE"": ""C.A. DE VALPARAÍSO"", ""COD_TRIBUNAL"": 1058.0, ""TRIBUNAL"": ""TRIBUNAL DE JUICIO ORAL EN LO PENAL DE LOS ANDES"", ""RIT"": ""1-37-2023"", ""RUC"": ""2201056480-1"", ""COD_MATERIA"": 10011.0, ""MATERIA"": ""Posesión, tenencia o porte de municiones y sustanc",,False
terminos_materia_competencia_detalle,Top,2023,https://estadisticaservices.pjud.cl/pjen/terminos_materia_competencia_detalle/30/0/Top/2023,200,lista,2916,1576632,ID_CAUSA|COD_CORTE|CORTE|COD_TRIBUNAL|TRIBUNAL|RIT|RUC|TIPO_CAUSA|COD_MATERIA|MATERIA|FECHA_INGRESO|FECHA_TERMINO|MES_TERMINO|ANO_TERMINO|MOTIVO_TERMINO|DURACION_CAUSA|TOTAL_TERMINOS|SISTEMA|COMPETENCIA,"{""ID_CAUSA"": 9201685.0, ""COD_CORTE"": 30.0, ""CORTE"": ""C.A. DE VALPARAÍSO"", ""COD_TRIBUNAL"": 1048.0, ""TRIBUNAL"": ""TRIBUNAL DE JUICIO ORAL EN LO PENAL DE VIÑA DEL MAR"", ""RIT"": ""1--489--2017"", ""RUC"": ""1600041968-4"", ""TIPO_CAUSA"": ""Ordinaria"", ""COD_MATERIA"": 812.0, ""MATERIA"": ""Receptación art. 456 bis a"",",,False
duracion_causas_competencia_detalle,Top,2023,https://estadisticaservices.pjud.cl/pjen/duracion_causas_competencia_detalle/30/0/Top/2023,200,lista,1918,1194821,ID_CAUSA|COD_CORTE|CORTE|COD_TRIBUNAL|TRIBUNAL|RIT|RUC|MOTIVO_TERMINO|TIPO_PROCEDIMIENTO|FECHA_INGRESO|FECHA_TERMINO|MES_TERMINO|ANO_TERMINO|COMPETENCIA|TOTAL_CAUSAS|DURACION,"{""ID_CAUSA"": 9201685.0, ""COD_CORTE"": 30.0, ""CORTE"": ""C.A. DE VALPARAÍSO"", ""COD_TRIBUNAL"": 1048.0, ""TRIBUNAL"": ""TRIBUNAL DE JUICIO ORAL EN LO PENAL DE VIÑA DEL MAR"", ""RIT"": ""1--489--2017"", ""RUC"": ""1600041968-4"", ""MOTIVO_TERMINO"": ""Sentencia"", ""TIPO_PROCEDIMIENTO"": ""Ordinaria"", ""FECHA_INGRESO"": ""2017/",,False
causas_tramitacion_competencia_detalle,Top,2023,https://estadisticaservices.pjud.cl/pjen/causas_tramitacion_competencia_detalle/30/0/Top/2023,200,lista,1403,692237,PERIODO_ANO|CODIGO_CORTE|GLOSA_CORTE|CODIGO_TRIBUNAL|GLOSA_TRIBUNAL|TIPO_CAUSA|RIT|ANO|FECHA_INGRESO|CODIGO_MATERIA|GLOSA_MATERIA|ETAPA_CAUSA|ULT_DILIGENCIA|TIPO_ULT_DILIGENCIA|FLG_RESERVADA,"{""PERIODO_ANO"": 2023.0, ""CODIGO_CORTE"": 30.0, ""GLOSA_CORTE"": ""CORTE DE APELACIONES DE VALPARAISO"", ""CODIGO_TRIBUNAL"": 1048.0, ""GLOSA_TRIBUNAL"": ""TRIBUNAL DE JUICIO ORAL EN LO PENAL VIÑA DEL MAR"", ""TIPO_CAUSA"": 1.0, ""RIT"": 526.0, ""ANO"": 2023.0, ""FECHA_INGRESO"": ""2023-09-26"", ""CODIGO_MATERIA"": 12149.0",,False
audiencias_realizadas_competencia_detalle,Top,2023,https://estadisticaservices.pjud.cl/pjen/audiencias_realizadas_competencia_detalle/30/0/Top/2023,200,lista,6998,3478085,ID_CAUSA|COD_CORTE|CORTE|COD_TRIBUNAL|TRIBUNAL|RIT|RUC|TIPO_AUDIENCIA|FECHA_PROGRAMACION|FECHA_AUDIENCIA|PLAZO_AGENDAMIENTO|VIDEOCONFERENCIA|ANO_AUDIENCIA|COMPETENCIA|TOTAL_AUDIENCIAS|ID_AUDIENCIA|HORA_INICIO|HORA_FIN,"{""ID_CAUSA"": 9201685.0, ""COD_CORTE"": 30.0, ""CORTE"": ""C.A. DE VALPARAÍSO"", ""COD_TRIBUNAL"": 1048.0, ""TRIBUNAL"": ""TRIBUNAL DE JUICIO ORAL EN LO PENAL DE VIÑA DEL MAR"", ""RIT"": ""1--489--2017"", ""RUC"": ""1600041968-4"", ""TIPO_AUDIENCIA"": ""Audiencia de Juicio Oral TOP"", ""FECHA_PROGRAMACION"": ""2023-10-26"", ""FE",,False
ingresos_rol_competencia_detalle,Top,2024,https://estadisticaservices.pjud.cl/pjen/ingresos_rol_competencia_detalle/30/0/Top/2024,200,lista,20225,6411554,COD_CORTE|CORTE|COD_TRIBUNAL|TRIBUNAL|RIT|TIPO_PROCEDIMIENTO|FECHA_INGRESO|MES_INGRESO|ANO_INGRESO|COMPETENCIA|ID_CAUSA|RUC,"{""COD_CORTE"": 30.0, ""CORTE"": ""C.A. DE VALPARAÍSO"", ""COD_TRIBUNAL"": 1048.0, ""TRIBUNAL"": ""TRIBUNAL DE JUICIO ORAL EN LO PENAL VIÑA DEL MAR"", ""RIT"": ""1-2015"", ""TIPO_PROCEDIMIENTO"": ""Ordinaria"", ""FECHA_INGRESO"": ""2015-01-02"", ""MES_INGRESO"": 1.0, ""ANO_INGRESO"": 2015.0, ""COMPETENCIA"": ""Penal"", ""ID_CAUSA"":",,False
terminos_rol_competencia_detalle,Top,2024,https://estadisticaservices.pjud.cl/pjen/terminos_rol_competencia_detalle/30/0/Top/2024,200,lista,19614,8136947,COD_CORTE|CORTE|COD_TRIBUNAL|TRIBUNAL|RIT|TIPO_PROCEDIMIENTO|FECHA_INGRESO|FECHA_TERMINO|MOTIVO_TERMINO|MES_TERMINO|ANO_TERMINO|TOTAL_TERMINOS|SISTEMA|COMPETENCIA|ID_CAUSA|RUC,"{""COD_CORTE"": 30, ""CORTE"": ""C.A. DE VALPARAÍSO"", ""COD_TRIBUNAL"": 1048, ""TRIBUNAL"": ""TRIBUNAL DE JUICIO ORAL EN LO PENAL VIÑA DEL MAR"", ""RIT"": ""100-2015"", ""TIPO_PROCEDIMIENTO"": ""Ordinaria"", ""FECHA_INGRESO"": ""2015/04/06 00:00:00.000"", ""FECHA_TERMINO"": ""2015/06/22 00:00:00.000"", ""MOTIVO_TERMINO"": ""SENT",,False
ingresos_materia_competencia_detalle,Top,2024,https://estadisticaservices.pjud.cl/pjen/ingresos_materia_competencia_detalle/30/0/Top/2024,200,lista,3258,1514399,_id|CANTIDAD,"{""_id"": {""ID_CAUSA"": 14072252.0, ""COD_CORTE"": 30.0, ""CORTE"": ""C.A. DE VALPARAÍSO"", ""COD_TRIBUNAL"": 1054.0, ""TRIBUNAL"": ""TRIBUNAL DE JUICIO ORAL EN LO PENAL DE VALPARAÍSO"", ""RIT"": ""1-139-2024"", ""RUC"": ""2300740298-8"", ""COD_MATERIA"": 702.0, ""MATERIA"": ""Homicidio Art. 391 n° 2"", ""FORMA_INICIO"": ""Auto de",,False
terminos_materia_competencia_detalle,Top,2024,https://estadisticaservices.pjud.cl/pjen/terminos_materia_competencia_detalle/30/0/Top/2024,200,lista,3545,1918310,ID_CAUSA|COD_CORTE|CORTE|COD_TRIBUNAL|TRIBUNAL|RIT|RUC|TIPO_CAUSA|COD_MATERIA|MATERIA|FECHA_INGRESO|FECHA_TERMINO|MES_TERMINO|ANO_TERMINO|MOTIVO_TERMINO|DURACION_CAUSA|TOTAL_TERMINOS|SISTEMA|COMPETENCIA,"{""ID_CAUSA"": 12854334.0, ""COD_CORTE"": 30.0, ""CORTE"": ""C.A. DE VALPARAÍSO"", ""COD_TRIBUNAL"": 1048.0, ""TRIBUNAL"": ""TRIBUNAL DE JUICIO ORAL EN LO PENAL DE VIÑA DEL MAR"", ""RIT"": ""1--322--2022"", ""RUC"": ""2001212074-6"", ""TIPO_CAUSA"": ""Ordinaria"", ""COD_MATERIA"": 7037.0, ""MATERIA"": ""Microtráfico (tráfico de p",,False
duracion_causas_competencia_detalle,Top,2024,https://estadisticaservices.pjud.cl/pjen/duracion_causas_competencia_detalle/30/0/Top/2024,200,lista,2339,1455753,ID_CAUSA|COD_CORTE|CORTE|COD_TRIBUNAL|TRIBUNAL|RIT|RUC|MOTIVO_TERMINO|TIPO_PROCEDIMIENTO|FECHA_INGRESO|FECHA_TERMINO|MES_TERMINO|ANO_TERMINO|COMPETENCIA|TOTAL_CAUSAS|DURACION,"{""ID_CAUSA"": 12854334.0, ""COD_CORTE"": 30.0, ""CORTE"": ""C.A. DE VALPARAÍSO"", ""COD_TRIBUNAL"": 1048.0, ""TRIBUNAL"": ""TRIBUNAL DE JUICIO ORAL EN LO PENAL DE VIÑA DEL MAR"", ""RIT"": ""1--322--2022"", ""RUC"": ""2001212074-6"", ""MOTIVO_TERMINO"": ""Sentencia"", ""TIPO_PROCEDIMIENTO"": ""Ordinaria"", ""FECHA_INGRESO"": ""2022",,False
causas_tramitacion_competencia_detalle,Top,2024,https://estadisticaservices.pjud.cl/pjen/causas_tramitacion_competencia_detalle/30/0/Top/2024,200,lista,1323,653062,PERIODO_ANO|CODIGO_CORTE|GLOSA_CORTE|CODIGO_TRIBUNAL|GLOSA_TRIBUNAL|TIPO_CAUSA|RIT|ANO|FECHA_INGRESO|CODIGO_MATERIA|GLOSA_MATERIA|ETAPA_CAUSA|ULT_DILIGENCIA|TIPO_ULT_DILIGENCIA|FLG_RESERVADA,"{""PERIODO_ANO"": 2024.0, ""CODIGO_CORTE"": 30.0, ""GLOSA_CORTE"": ""CORTE DE APELACIONES DE VALPARAISO"", ""CODIGO_TRIBUNAL"": 1048.0, ""GLOSA_TRIBUNAL"": ""TRIBUNAL DE JUICIO ORAL EN LO PENAL VIÑA DEL MAR"", ""TIPO_CAUSA"": 1.0, ""RIT"": 565.0, ""ANO"": 2024.0, ""FECHA_INGRESO"": ""2024-11-05"", ""CODIGO_MATERIA"": 637.0, ",,False
audiencias_realizadas_competencia_detalle,Top,2024,https://estadisticaservices.pjud.cl/pjen/audiencias_realizadas_competencia_detalle/30/0/Top/2024,200,lista,8022,3934967,COD_CORTE|CORTE|COD_TRIBUNAL|TRIBUNAL|RIT|RUC|TIPO_AUDIENCIA|FECHA_PROGRAMACION|FECHA_AUDIENCIA|PLAZO_AGENDAMIENTO|VIDEOCONFERENCIA|ANO_AUDIENCIA|COMPETENCIA|TOTAL_AUDIENCIAS|ID_CAUSA|ID_AUDIENCIA|HORA_INICIO|HORA_FIN,"{""COD_CORTE"": 30.0, ""CORTE"": ""C.A. DE VALPARAÍSO"", ""COD_TRIBUNAL"": 1048.0, ""TRIBUNAL"": ""TRIBUNAL DE JUICIO ORAL EN LO PENAL DE VIÑA DEL MAR"", ""RIT"": ""1--493--2017"", ""RUC"": ""1600963046-9"", ""TIPO_AUDIENCIA"": ""Audiencia de revisión prisión preventiva"", ""FECHA_PROGRAMACION"": ""2024-01-10"", ""FECHA_AUDIENC",,False
ingresos_rol_competencia_detalle,Top,2025,https://estadisticaservices.pjud.cl/pjen/ingresos_rol_competencia_detalle/30/0/Top/2025,200,lista,20225,6411554,COD_CORTE|CORTE|COD_TRIBUNAL|TRIBUNAL|RIT|TIPO_PROCEDIMIENTO|FECHA_INGRESO|MES_INGRESO|ANO_INGRESO|COMPETENCIA|ID_CAUSA|RUC,"{""COD_CORTE"": 30.0, ""CORTE"": ""C.A. DE VALPARAÍSO"", ""COD_TRIBUNAL"": 1048.0, ""TRIBUNAL"": ""TRIBUNAL DE JUICIO ORAL EN LO PENAL VIÑA DEL MAR"", ""RIT"": ""1-2015"", ""TIPO_PROCEDIMIENTO"": ""Ordinaria"", ""FECHA_INGRESO"": ""2015-01-02"", ""MES_INGRESO"": 1.0, ""ANO_INGRESO"": 2015.0, ""COMPETENCIA"": ""Penal"", ""ID_CAUSA"":",,False
terminos_rol_competencia_detalle,Top,2025,https://estadisticaservices.pjud.cl/pjen/terminos_rol_competencia_detalle/30/0/Top/2025,200,lista,19614,8136947,COD_CORTE|CORTE|COD_TRIBUNAL|TRIBUNAL|RIT|TIPO_PROCEDIMIENTO|FECHA_INGRESO|FECHA_TERMINO|MOTIVO_TERMINO|MES_TERMINO|ANO_TERMINO|TOTAL_TERMINOS|SISTEMA|COMPETENCIA|ID_CAUSA|RUC,"{""COD_CORTE"": 30, ""CORTE"": ""C.A. DE VALPARAÍSO"", ""COD_TRIBUNAL"": 1048, ""TRIBUNAL"": ""TRIBUNAL DE JUICIO ORAL EN LO PENAL VIÑA DEL MAR"", ""RIT"": ""100-2015"", ""TIPO_PROCEDIMIENTO"": ""Ordinaria"", ""FECHA_INGRESO"": ""2015/04/06 00:00:00.000"", ""FECHA_TERMINO"": ""2015/06/22 00:00:00.000"", ""MOTIVO_TERMINO"": ""SENT",,False
ingresos_materia_competencia_detalle,Top,2025,https://estadisticaservices.pjud.cl/pjen/ingresos_materia_competencia_detalle/30/0/Top/2025,200,lista,2955,1378580,_id|CANTIDAD,"{""_id"": {""ID_CAUSA"": 15253288.0, ""COD_CORTE"": 30.0, ""CORTE"": ""C.A. DE VALPARAÍSO"", ""COD_TRIBUNAL"": 1048.0, ""TRIBUNAL"": ""TRIBUNAL DE JUICIO ORAL EN LO PENAL DE VIÑA DEL MAR"", ""RIT"": ""1--603--2025"", ""RUC"": ""2500971877-2"", ""COD_MATERIA"": 810.0, ""MATERIA"": ""Robo en lugar no habitado Art. 442"", ""FORMA_IN",,False
terminos_materia_competencia_detalle,Top,2025,https://estadisticaservices.pjud.cl/pjen/terminos_materia_competencia_detalle/30/0/Top/2025,200,lista,3667,1981609,ID_CAUSA|COD_CORTE|CORTE|COD_TRIBUNAL|TRIBUNAL|RIT|RUC|TIPO_CAUSA|COD_MATERIA|MATERIA|FECHA_INGRESO|FECHA_TERMINO|MES_TERMINO|ANO_TERMINO|MOTIVO_TERMINO|DURACION_CAUSA|TOTAL_TERMINOS|SISTEMA|COMPETENCIA,"{""ID_CAUSA"": 11006106.0, ""COD_CORTE"": 30.0, ""CORTE"": ""C.A. DE VALPARAÍSO"", ""COD_TRIBUNAL"": 1048.0, ""TRIBUNAL"": ""TRIBUNAL DE JUICIO ORAL EN LO PENAL DE VIÑA DEL MAR"", ""RIT"": ""1--54--2020"", ""RUC"": ""1800477457-0"", ""TIPO_CAUSA"": ""Ordinaria"", ""COD_MATERIA"": 7007.0, ""MATERIA"": ""Tráfico ilícito de drogas A",,False
duracion_causas_competencia_detalle,Top,2025,https://estadisticaservices.pjud.cl/pjen/duracion_causas_competencia_detalle/30/0/Top/2025,200,lista,2387,1485431,ID_CAUSA|COD_CORTE|CORTE|COD_TRIBUNAL|TRIBUNAL|RIT|RUC|MOTIVO_TERMINO|TIPO_PROCEDIMIENTO|FECHA_INGRESO|FECHA_TERMINO|MES_TERMINO|ANO_TERMINO|COMPETENCIA|TOTAL_CAUSAS|DURACION,"{""ID_CAUSA"": 11006106.0, ""COD_CORTE"": 30.0, ""CORTE"": ""C.A. DE VALPARAÍSO"", ""COD_TRIBUNAL"": 1048.0, ""TRIBUNAL"": ""TRIBUNAL DE JUICIO ORAL EN LO PENAL DE VIÑA DEL MAR"", ""RIT"": ""1--54--2020"", ""RUC"": ""1800477457-0"", ""MOTIVO_TERMINO"": ""Sentencia"", ""TIPO_PROCEDIMIENTO"": ""Ordinaria"", ""FECHA_INGRESO"": ""2020/",,False
causas_tramitacion_competencia_detalle,Top,2025,https://estadisticaservices.pjud.cl/pjen/causas_tramitacion_competencia_detalle/30/0/Top/2025,200,lista,843,320438,PERIODO_ANO|CODIGO_CORTE|GLOSA_CORTE|CODIGO_TRIBUNAL|GLOSA_TRIBUNAL|TIPO_CAUSA|RIT|ANO|FECHA_INGRESO|ETAPA_CAUSA|ULT_DILIGENCIA|TIPO_ULT_DILIGENCIA,"{""PERIODO_ANO"": 2025.0, ""CODIGO_CORTE"": 30.0, ""GLOSA_CORTE"": ""C.A. DE VALPARAÍSO"", ""CODIGO_TRIBUNAL"": 1048.0, ""GLOSA_TRIBUNAL"": ""TRIBUNAL DE JUICIO ORAL EN LO PENAL DE VIÑA DEL MAR"", ""TIPO_CAUSA"": 1.0, ""RIT"": 212.0, ""ANO"": 2020.0, ""FECHA_INGRESO"": ""2020-10-23"", ""ETAPA_CAUSA"": ""Cumplimiento"", ""ULT_DI",,False
audiencias_realizadas_competencia_detalle,Top,2025,https://estadisticaservices.pjud.cl/pjen/audiencias_realizadas_competencia_detalle/30/0/Top/2025,200,lista,7425,3590697,COD_CORTE|CORTE|COD_TRIBUNAL|TRIBUNAL|RIT|RUC|TIPO_AUDIENCIA|FECHA_PROGRAMACION|FECHA_AUDIENCIA|PLAZO_AGENDAMIENTO|VIDEOCONFERENCIA|ANO_AUDIENCIA|COMPETENCIA|TOTAL_AUDIENCIAS|ID_CAUSA|ID_AUDIENCIA|HORA_INICIO|HORA_FIN,"{""COD_CORTE"": 30.0, ""CORTE"": ""C.A. DE VALPARAÍSO"", ""COD_TRIBUNAL"": 1048.0, ""TRIBUNAL"": ""TRIBUNAL DE JUICIO ORAL EN LO PENAL DE VIÑA DEL MAR"", ""RIT"": ""O-20-2025"", ""RUC"": ""1910054010-2"", ""TIPO_AUDIENCIA"": ""Audiencia de factibidad Ley postcovid"", ""FECHA_PROGRAMACION"": ""2025-01-17"", ""FECHA_AUDIENCIA"": """,,False
