competencia_pdf,corte,glosa_corte,tribunal,glosa_tribunal
Civil,10,C.A. de Arica,2,1º Juzgado de Letras de Arica
Civil,10,C.A. de Arica,3,2º Juzgado de Letras de Arica
Civil,10,C.A. de Arica,4,3º Juzgado de Letras de Arica
Civil,11,C.A. de Iquique,6,Juzgado de Letras y Garantía de Pozo Almonte
Civil,11,C.A. de Iquique,9,1º Juzgado de Letras de Iquique
Civil,11,C.A. de Iquique,10,2º Juzgado de Letras de Iquique
Civil,11,C.A. de Iquique,11,3º Juzgado de Letras de Iquique
Civil,15,C.A. de Antofagasta,13,Juzgado de Letras de Tocopilla
Civil,15,C.A. de Antofagasta,14,Juzgado de Letras y Garantía de María Elena
Civil,15,C.A. de Antofagasta,16,1º Juzgado de Letras de Calama
Civil,15,C.A. de Antofagasta,17,2º Juzgado de Letras de Calama
Civil,15,C.A. de Antofagasta,26,Juzgado de Letras y Garantía de Taltal
Civil,15,C.A. de Antofagasta,658,3º Juzgado de Letras de Calama
Civil,15,C.A. de Antofagasta,1041,1º Juzgado de Letras Civil de Antofagasta
Civil,15,C.A. de Antofagasta,1042,2º Juzgado de Letras Civil de Antofagasta
Civil,15,C.A. de Antofagasta,1043,3º Juzgado de Letras Civil de Antofagasta
Civil,15,C.A. de Antofagasta,1044,4º Juzgado de Letras Civil de Antofagasta
Civil,15,C.A. de Antofagasta,1501,Juzgado de Letras y Garantía de Mejillones
Civil,20,C.A. de Copiapó,27,Juzgado de Letras y Garantía de Chañaral
Civil,20,C.A. de Copiapó,29,Juzgado de Letras de Diego de Almagro
Civil,20,C.A. de Copiapó,31,1º Juzgado de Letras de Copiapó
Civil,20,C.A. de Copiapó,32,2º Juzgado de Letras de Copiapó
Civil,20,C.A. de Copiapó,33,3º Juzgado de Letras de Copiapó
Civil,20,C.A. de Copiapó,34,Juzgado de Letras y Garantía de Freirina
Civil,20,C.A. de Copiapó,36,1º Juzgado de Letras de Vallenar
Civil,20,C.A. de Copiapó,37,2º Juzgado de Letras de Vallenar
Civil,20,C.A. de Copiapó,386,Juzgado de Letras y Garantía de Caldera
Civil,20,C.A. de Copiapó,926,4º Juzgado de Letras de Copiapó
Civil,25,C.A. de La Serena,40,1º Juzgado de Letras de la Serena
Civil,25,C.A. de La Serena,41,2º Juzgado de Letras de la Serena
Civil,25,C.A. de La Serena,42,3º Juzgado de Letras de la Serena
Civil,25,C.A. de La Serena,43,1º Juzgado de Letras de Coquimbo
Civil,25,C.A. de La Serena,44,2º Juzgado de Letras de Coquimbo
Civil,25,C.A. de La Serena,45,3º Juzgado de Letras de Coquimbo
Civil,25,C.A. de La Serena,46,Juzgado de Letras de Vicuña
Civil,25,C.A. de La Serena,47,Juzgado de Letras y Garantía de Andacollo
Civil,25,C.A. de La Serena,48,1º Juzgado de Letras de Ovalle
Civil,25,C.A. de La Serena,49,2º Juzgado de Letras de Ovalle
Civil,25,C.A. de La Serena,50,3º Juzgado de Letras de Ovalle
Civil,25,C.A. de La Serena,51,Juzgado de Letras y Garantía de Combarbalá
Civil,25,C.A. de La Serena,52,Juzgado de Letras de Illapel
Civil,25,C.A. de La Serena,53,Juzgado de Letras y Garantía de Los Vilos
Civil,30,C.A. de Valparaíso,54,1º Juzgado Civil de Valparaíso
Civil,30,C.A. de Valparaíso,55,2º Juzgado Civil de Valparaíso
Civil,30,C.A. de Valparaíso,56,3º Juzgado Civil de Valparaíso
Civil,30,C.A. de Valparaíso,57,1º Juzgado Civil de Viña del Mar
Civil,30,C.A. de Valparaíso,58,2º Juzgado Civil de Viña del Mar
Civil,30,C.A. de Valparaíso,59,4º Juzgado Civil de Valparaíso
Civil,30,C.A. de Valparaíso,60,5º Juzgado Civil de Valparaíso
Civil,30,C.A. de Valparaíso,61,3º Juzgado Civil de Viña del Mar
Civil,30,C.A. de Valparaíso,83,1º Juzgado de Letras de Quilpué
Civil,30,C.A. de Valparaíso,84,2º Juzgado de Letras de Quilpué
Civil,30,C.A. de Valparaíso,85,Juzgado de Letras de Villa Alemana
Civil,30,C.A. de Valparaíso,86,Juzgado de Letras de Casablanca
Civil,30,C.A. de Valparaíso,87,Juzgado de Letras de La Ligua
Civil,30,C.A. de Valparaíso,88,Juzgado de Letras y Garantía de Petorca
Civil,30,C.A. de Valparaíso,89,1º Juzgado de Letras de Los Andes
Civil,30,C.A. de Valparaíso,90,2º Juzgado de Letras de Los Andes
Civil,30,C.A. de Valparaíso,92,1º Juzgado de Letras de San Felipe
Civil,30,C.A. de Valparaíso,94,Juzgado de Letras y Garantía de Putaendo
Civil,30,C.A. de Valparaíso,96,1º Juzgado de Letras de Quillota
Civil,30,C.A. de Valparaíso,97,2º Juzgado de Letras de Quillota
Civil,30,C.A. de Valparaíso,98,Juzgado de Letras de Calera
Civil,30,C.A. de Valparaíso,99,Juzgado de Letras de Limache
Civil,30,C.A. de Valparaíso,101,1º Juzgado de Letras de San Antonio
Civil,30,C.A. de Valparaíso,102,2º Juzgado de Letras de San Antonio
Civil,30,C.A. de Valparaíso,103,Juzgado de Letras y Garantía de Isla de Pascua
Civil,30,C.A. de Valparaíso,660,Juzgado de Letras y Garantía de Quintero
Civil,35,C.A. de Rancagua,110,1º Juzgado Civil de Rancagua
Civil,35,C.A. de Rancagua,111,1º Juzgado de Letras de Rengo
Civil,35,C.A. de Rancagua,113,Juzgado de Letras de San Vicente
Civil,35,C.A. de Rancagua,114,1º Juzgado de Letras y Garantía de Peumo
Civil,35,C.A. de Rancagua,115,1º Juzgado de Letras de San Fernando
Civil,35,C.A. de Rancagua,116,2º Juzgado de Letras de San Fernando
Civil,35,C.A. de Rancagua,117,1º Juzgado de Letras de Santa Cruz
Civil,35,C.A. de Rancagua,119,Juzgado de Letras y Garantía de Pichilemu
Civil,35,C.A. de Rancagua,969,2º Juzgado Civil de Rancagua
Civil,35,C.A. de Rancagua,1150,Juzgado de Letras y Garantía de Litueche
Civil,35,C.A. de Rancagua,1151,Juzgado de Letras y Garantía de Peralillo
Civil,40,C.A. de Talca,122,1º Juzgado de Letras de Talca
Civil,40,C.A. de Talca,123,2º Juzgado de Letras de Talca
Civil,40,C.A. de Talca,124,3º Juzgado de Letras de Talca
Civil,40,C.A. de Talca,125,4º Juzgado de Letras de Talca
Civil,40,C.A. de Talca,126,Juzgado de Letras de Constitución
Civil,40,C.A. de Talca,127,Juzgado de Letras y Garantía de Curepto
Civil,40,C.A. de Talca,129,1º Juzgado de Letras de Curicó
Civil,40,C.A. de Talca,130,2º Juzgado de Letras de Curicó
Civil,40,C.A. de Talca,132,Juzgado de Letras y Garantía de Licantén
Civil,40,C.A. de Talca,133,Juzgado de Letras de Molina
Civil,40,C.A. de Talca,135,1º Juzgado de Letras de Linares
Civil,40,C.A. de Talca,136,2º Juzgado de Letras de Linares
Civil,40,C.A. de Talca,138,Juzgado de Letras de San Javier
Civil,40,C.A. de Talca,139,Juzgado de Letras de Cauquenes
Civil,40,C.A. de Talca,140,Juzgado de Letras y Garantía de Chanco
Civil,40,C.A. de Talca,141,Juzgado de Letras de Parral
Civil,45,C.A. de Chillán,145,1º Juzgado Civil de Chillán
Civil,45,C.A. de Chillán,146,2º Juzgado Civil de Chillán
Civil,45,C.A. de Chillán,147,1º Juzgado de Letras de San Carlos
Civil,45,C.A. de Chillán,149,Juzgado de Letras de Yungay
Civil,45,C.A. de Chillán,150,Juzgado de Letras y Garantía de Bulnes
Civil,45,C.A. de Chillán,151,Juzgado de Letras y Garantía de Coelemu
Civil,45,C.A. de Chillán,152,Juzgado de Letras y Garantía de Quirihue
Civil,46,C.A. de Concepción,154,1º Juzgado de Letras de Los Ángeles
Civil,46,C.A. de Concepción,155,2º Juzgado de Letras de Los Ángeles
Civil,46,C.A. de Concepción,157,Juzgado de Letras y Garantía de Mulchén
Civil,46,C.A. de Concepción,158,Juzgado de Letras y Garantía de Nacimiento
Civil,46,C.A. de Concepción,159,Juzgado de Letras y Garantía de Laja
Civil,46,C.A. de Concepción,160,Juzgado de Letras y Garantía de Yumbel
Civil,46,C.A. de Concepción,161,1º Juzgado Civil de Concepción
Civil,46,C.A. de Concepción,162,2º Juzgado Civil de Concepción
Civil,46,C.A. de Concepción,163,3º Juzgado Civil de Concepción
Civil,46,C.A. de Concepción,179,1º Juzgado Civil de Talcahuano
Civil,46,C.A. de Concepción,180,2º Juzgado Civil de Talcahuano
Civil,46,C.A. de Concepción,187,Juzgado de Letras de Tomé
Civil,46,C.A. de Concepción,188,Juzgado de Letras y Garantía de Florida
Civil,46,C.A. de Concepción,189,Juzgado de Letras y Garantía de Santa Juana
Civil,46,C.A. de Concepción,190,Juzgado de Letras y Garantía de Lota
Civil,46,C.A. de Concepción,191,1º Juzgado de Letras de Coronel
Civil,46,C.A. de Concepción,192,2º Juzgado de Letras de Coronel
Civil,46,C.A. de Concepción,193,Juzgado de Letras y Garantía de Lebu
Civil,46,C.A. de Concepción,194,Juzgado de Letras de Arauco
Civil,46,C.A. de Concepción,195,Juzgado de Letras y Garantía de Curanilahue
Civil,46,C.A. de Concepción,196,Juzgado de Letras de Cañete
Civil,46,C.A. de Concepción,385,Juzgado de Letras y Garantía de Santa Bárbara
Civil,46,C.A. de Concepción,1152,Juzgado de Letras y Garantía de Cabrero
Civil,50,C.A. de Temuco,197,1º Juzgado Civil de Temuco
Civil,50,C.A. de Temuco,198,2º Juzgado Civil de Temuco
Civil,50,C.A. de Temuco,204,1º Juzgado de Letras de Angol
Civil,50,C.A. de Temuco,206,Juzgado de Letras y Garantía de Collipulli
Civil,50,C.A. de Temuco,207,Juzgado de Letras y Garantía de Traiguén
Civil,50,C.A. de Temuco,208,Juzgado de Letras de Victoria
Civil,50,C.A. de Temuco,209,Juzgado de Letras y Garantía de Curacautin
Civil,50,C.A. de Temuco,210,Juzgado de Letras de Loncoche
Civil,50,C.A. de Temuco,211,Juzgado de Letras de Pitrufquén
Civil,50,C.A. de Temuco,212,Juzgado de Letras de Villarrica
Civil,50,C.A. de Temuco,213,Juzgado de Letras de Nueva Imperial
Civil,50,C.A. de Temuco,214,Juzgado de Letras y Garantía de Pucón
Civil,50,C.A. de Temuco,215,Juzgado de Letras de Lautaro
Civil,50,C.A. de Temuco,216,Juzgado de Letras y Garantía de Carahue
Civil,50,C.A. de Temuco,406,3º Juzgado Civil de Temuco
Civil,50,C.A. de Temuco,946,Juzgado de Letras y Garantía de Toltén
Civil,50,C.A. de Temuco,947,Juzgado de Letras y Garantía de Purén
Civil,55,C.A. de Valdivia,220,1º Juzgado Civil de Valdivia
Civil,55,C.A. de Valdivia,221,2º Juzgado Civil de Valdivia
Civil,55,C.A. de Valdivia,222,Juzgado de Letras de Mariquina
Civil,55,C.A. de Valdivia,223,Juzgado de Letras y Garantía de Paillaco
Civil,55,C.A. de Valdivia,224,Juzgado de Letras de Los Lagos
Civil,55,C.A. de Valdivia,225,Juzgado de Letras y Garantía de Panguipulli
Civil,55,C.A. de Valdivia,226,Juzgado de Letras y Garantía de La Unión
Civil,55,C.A. de Valdivia,227,Juzgado de Letras y Garantía de Rio Bueno
Civil,55,C.A. de Valdivia,229,1º Juzgado de Letras de Osorno
Civil,55,C.A. de Valdivia,230,2º Juzgado de Letras de Osorno
Civil,55,C.A. de Valdivia,233,Juzgado de Letras de Rio Negro
Civil,56,C.A. de Puerto Montt,237,1º Juzgado Civil de Puerto Montt
Civil,56,C.A. de Puerto Montt,238,1º Juzgado de Letras de Puerto Varas
Civil,56,C.A. de Puerto Montt,240,Juzgado de Letras y Garantía de Calbuco
Civil,56,C.A. de Puerto Montt,241,Juzgado de Letras y Garantía de Maullín
Civil,56,C.A. de Puerto Montt,242,Juzgado de Letras de Castro
Civil,56,C.A. de Puerto Montt,243,Juzgado de Letras de Ancud
Civil,56,C.A. de Puerto Montt,244,Juzgado de Letras y Garantía de Achao
Civil,56,C.A. de Puerto Montt,245,Juzgado de Letras y Garantía de Chaitén
Civil,56,C.A. de Puerto Montt,659,Juzgado de Letras y Garantía de Los Muermos
Civil,56,C.A. de Puerto Montt,662,Juzgado de Letras y Garantía de Quellón
Civil,56,C.A. de Puerto Montt,1012,2º Juzgado Civil de Puerto Montt
Civil,56,C.A. de Puerto Montt,1013,Juzgado de Letras y Garantía de Hualaihue
Civil,60,C.A. de Coyhaique,246,1º Juzgado de Letras de Coyhaique
Civil,60,C.A. de Coyhaique,248,Juzgado de Letras y Garantía de Puerto Aysén
Civil,60,C.A. de Coyhaique,249,Juzgado de Letras y Garantía de Chile Chico
Civil,60,C.A. de Coyhaique,250,Juzgado de Letras y Garantía de Cochrane
Civil,60,C.A. de Coyhaique,996,Juzgado de Letras y Garantía de Puerto Cisnes
Civil,61,C.A. de Punta Arenas,253,1º Juzgado de Letras de Punta Arenas
Civil,61,C.A. de Punta Arenas,254,2º Juzgado de Letras de Punta Arenas
Civil,61,C.A. de Punta Arenas,255,3º Juzgado de Letras de Punta Arenas
Civil,61,C.A. de Punta Arenas,257,Juzgado de Letras y Garantía de Puerto Natales
Civil,61,C.A. de Punta Arenas,258,Juzgado de Letras y Garantía de Porvenir
Civil,61,C.A. de Punta Arenas,1502,Juzgado de Letras y Garantía de Cabo de Hornos
Civil,90,C.A. de Santiago,259,1º Juzgado Civil de Santiago
Civil,90,C.A. de Santiago,260,2º Juzgado Civil de Santiago
Civil,90,C.A. de Santiago,261,3º Juzgado Civil de Santiago
Civil,90,C.A. de Santiago,262,4º Juzgado Civil de Santiago
Civil,90,C.A. de Santiago,263,5º Juzgado Civil de Santiago
Civil,90,C.A. de Santiago,264,6º Juzgado Civil de Santiago
Civil,90,C.A. de Santiago,265,7º Juzgado Civil de Santiago
Civil,90,C.A. de Santiago,266,8º Juzgado Civil de Santiago
Civil,90,C.A. de Santiago,267,9º Juzgado Civil de Santiago
Civil,90,C.A. de Santiago,268,10º Juzgado Civil de Santiago
Civil,90,C.A. de Santiago,269,11º Juzgado Civil de Santiago
Civil,90,C.A. de Santiago,270,12º Juzgado Civil de Santiago
Civil,90,C.A. de Santiago,271,13º Juzgado Civil de Santiago
Civil,90,C.A. de Santiago,272,14º Juzgado Civil de Santiago
Civil,90,C.A. de Santiago,273,15º Juzgado Civil de Santiago
Civil,90,C.A. de Santiago,274,16º Juzgado Civil de Santiago
Civil,90,C.A. de Santiago,275,17º Juzgado Civil de Santiago
Civil,90,C.A. de Santiago,276,18º Juzgado Civil de Santiago
Civil,90,C.A. de Santiago,277,19º Juzgado Civil de Santiago
Civil,90,C.A. de Santiago,278,20º Juzgado Civil de Santiago
Civil,90,C.A. de Santiago,279,21º Juzgado Civil de Santiago
Civil,90,C.A. de Santiago,280,22º Juzgado Civil de Santiago
Civil,90,C.A. de Santiago,281,23º Juzgado Civil de Santiago
Civil,90,C.A. de Santiago,282,24º Juzgado Civil de Santiago
Civil,90,C.A. de Santiago,283,25º Juzgado Civil de Santiago
Civil,90,C.A. de Santiago,284,26º Juzgado Civil de Santiago
Civil,90,C.A. de Santiago,285,27º Juzgado Civil de Santiago
Civil,90,C.A. de Santiago,286,28º Juzgado Civil de Santiago
Civil,90,C.A. de Santiago,287,29º Juzgado Civil de Santiago
Civil,90,C.A. de Santiago,288,30º Juzgado Civil de Santiago
Civil,90,C.A. de Santiago,387,Juzgado de Letras de Colina
Civil,91,C.A. de San Miguel,343,1º Juzgado Civil de San Miguel
Civil,91,C.A. de San Miguel,344,2º Juzgado Civil de San Miguel
Civil,91,C.A. de San Miguel,345,3º Juzgado Civil de San Miguel
Civil,91,C.A. de San Miguel,364,1º Juzgado Civil de Puente Alto
Civil,91,C.A. de San Miguel,373,1º Juzgado de Letras de Talagante
Civil,91,C.A. de San Miguel,374,2º Juzgado de Letras de Talagante
Civil,91,C.A. de San Miguel,375,1º Juzgado de Letras de Melipilla
Civil,91,C.A. de San Miguel,377,1º Juzgado de Letras de Buin
Civil,91,C.A. de San Miguel,378,2º Juzgado de Letras de Buin
Civil,91,C.A. de San Miguel,388,Juzgado de Letras de Peñaflor
Civil,91,C.A. de San Miguel,390,4º Juzgado Civil de San Miguel
Civil,91,C.A. de San Miguel,400,1º Juzgado de Letras de San Bernardo
Civil,91,C.A. de San Miguel,401,2º Juzgado de Letras de San Bernardo
Cobranza,10,C.A. de Arica,1333,Juzgado de Letras del Trabajo de Arica
Cobranza,11,C.A. de Iquique,6,Juzgado de Letras y Garantía de Pozo Almonte
Cobranza,11,C.A. de Iquique,1334,Juzgado de Letras del Trabajo de Iquique
Cobranza,11,C.A. de Iquique,1500,Juzgado de Letras y Garantía de Alto Hospicio
Cobranza,15,C.A. de Antofagasta,13,Juzgado de Letras de Tocopilla
Cobranza,15,C.A. de Antofagasta,14,Juzgado de Letras y Garantía de María Elena
Cobranza,15,C.A. de Antofagasta,26,Juzgado de Letras y Garantía de Taltal
Cobranza,15,C.A. de Antofagasta,1335,Juzgado de Letras del Trabajo de Antofagasta
Cobranza,15,C.A. de Antofagasta,1357,Juzgado de Letras del Trabajo de Calama
Cobranza,15,C.A. de Antofagasta,1501,Juzgado de Letras y Garantía de Mejillones
Cobranza,20,C.A. de Copiapó,27,Juzgado de Letras y Garantía de Chañaral
Cobranza,20,C.A. de Copiapó,29,Juzgado de Letras de Diego de Almagro
Cobranza,20,C.A. de Copiapó,34,Juzgado de Letras y Garantía de Freirina
Cobranza,20,C.A. de Copiapó,36,1º Juzgado de Letras de Vallenar
Cobranza,20,C.A. de Copiapó,37,2º Juzgado de Letras de Vallenar
Cobranza,20,C.A. de Copiapó,386,Juzgado de Letras y Garantía de Caldera
Cobranza,20,C.A. de Copiapó,1336,Juzgado de Letras del Trabajo de Copiapó
Cobranza,25,C.A. de La Serena,46,Juzgado de Letras de Vicuña
Cobranza,25,C.A. de La Serena,47,Juzgado de Letras y Garantía de Andacollo
Cobranza,25,C.A. de La Serena,48,1º Juzgado de Letras de Ovalle
Cobranza,25,C.A. de La Serena,49,2º Juzgado de Letras de Ovalle
Cobranza,25,C.A. de La Serena,50,3º Juzgado de Letras de Ovalle
Cobranza,25,C.A. de La Serena,51,Juzgado de Letras y Garantía de Combarbalá
Cobranza,25,C.A. de La Serena,52,Juzgado de Letras de Illapel
Cobranza,25,C.A. de La Serena,53,Juzgado de Letras y Garantía de Los Vilos
Cobranza,25,C.A. de La Serena,1337,Juzgado de Letras del Trabajo de La Serena
Cobranza,30,C.A. de Valparaíso,83,1º Juzgado de Letras de Quilpué
Cobranza,30,C.A. de Valparaíso,84,2º Juzgado de Letras de Quilpué
Cobranza,30,C.A. de Valparaíso,85,Juzgado de Letras de Villa Alemana
Cobranza,30,C.A. de Valparaíso,86,Juzgado de Letras de Casablanca
Cobranza,30,C.A. de Valparaíso,87,Juzgado de Letras de La Ligua
Cobranza,30,C.A. de Valparaíso,88,Juzgado de Letras y Garantía de Petorca
Cobranza,30,C.A. de Valparaíso,89,1º Juzgado de Letras de Los Andes
Cobranza,30,C.A. de Valparaíso,90,2º Juzgado de Letras de Los Andes
Cobranza,30,C.A. de Valparaíso,94,Juzgado de Letras y Garantía de Putaendo
Cobranza,30,C.A. de Valparaíso,96,1º Juzgado de Letras de Quillota
Cobranza,30,C.A. de Valparaíso,97,2º Juzgado de Letras de Quillota
Cobranza,30,C.A. de Valparaíso,98,Juzgado de Letras de Calera
Cobranza,30,C.A. de Valparaíso,99,Juzgado de Letras de Limache
Cobranza,30,C.A. de Valparaíso,101,1º Juzgado de Letras de San Antonio
Cobranza,30,C.A. de Valparaíso,102,2º Juzgado de Letras de San Antonio
Cobranza,30,C.A. de Valparaíso,103,Juzgado de Letras y Garantía de Isla de Pascua
Cobranza,30,C.A. de Valparaíso,660,Juzgado de Letras y Garantía de Quintero
Cobranza,30,C.A. de Valparaíso,1331,Juzgado de Cobranza Laboral y Previsional de Valparaíso
Cobranza,30,C.A. de Valparaíso,1358,Juzgado de Letras del Trabajo de San Felipe
Cobranza,35,C.A. de Rancagua,111,1º Juzgado de Letras de Rengo
Cobranza,35,C.A. de Rancagua,113,Juzgado de Letras de San Vicente
Cobranza,35,C.A. de Rancagua,114,1º Juzgado de Letras y Garantía de Peumo
Cobranza,35,C.A. de Rancagua,115,1º Juzgado de Letras de San Fernando
Cobranza,35,C.A. de Rancagua,116,2º Juzgado de Letras de San Fernando
Cobranza,35,C.A. de Rancagua,117,1º Juzgado de Letras de Santa Cruz
Cobranza,35,C.A. de Rancagua,119,Juzgado de Letras y Garantía de Pichilemu
Cobranza,35,C.A. de Rancagua,1150,Juzgado de Letras y Garantía de Litueche
Cobranza,35,C.A. de Rancagua,1151,Juzgado de Letras y Garantía de Peralillo
Cobranza,35,C.A. de Rancagua,1339,Juzgado de Letras del Trabajo de Rancagua
Cobranza,40,C.A. de Talca,126,Juzgado de Letras de Constitución
Cobranza,40,C.A. de Talca,127,Juzgado de Letras y Garantía de Curepto
Cobranza,40,C.A. de Talca,132,Juzgado de Letras y Garantía de Licantén
Cobranza,40,C.A. de Talca,133,Juzgado de Letras de Molina
Cobranza,40,C.A. de Talca,135,1º Juzgado de Letras de Linares
Cobranza,40,C.A. de Talca,136,2º Juzgado de Letras de Linares
Cobranza,40,C.A. de Talca,138,Juzgado de Letras de San Javier
Cobranza,40,C.A. de Talca,139,Juzgado de Letras de Cauquenes
Cobranza,40,C.A. de Talca,140,Juzgado de Letras y Garantía de Chanco
Cobranza,40,C.A. de Talca,141,Juzgado de Letras de Parral
Cobranza,40,C.A. de Talca,1340,Juzgado de Letras del Trabajo de Curicó
Cobranza,40,C.A. de Talca,1341,Juzgado de Letras del Trabajo de Talca
Cobranza,45,C.A. de Chillán,147,1º Juzgado de Letras de San Carlos
Cobranza,45,C.A. de Chillán,149,Juzgado de Letras de Yungay
Cobranza,45,C.A. de Chillán,150,Juzgado de Letras y Garantía de Bulnes
Cobranza,45,C.A. de Chillán,151,Juzgado de Letras y Garantía de Coelemu
Cobranza,45,C.A. de Chillán,152,Juzgado de Letras y Garantía de Quirihue
Cobranza,45,C.A. de Chillán,1342,Juzgado de Letras del Trabajo de Chillán
Cobranza,46,C.A. de Concepción,157,Juzgado de Letras y Garantía de Mulchén
Cobranza,46,C.A. de Concepción,158,Juzgado de Letras y Garantía de Nacimiento
Cobranza,46,C.A. de Concepción,159,Juzgado de Letras y Garantía de Laja
Cobranza,46,C.A. de Concepción,160,Juzgado de Letras y Garantía de Yumbel
Cobranza,46,C.A. de Concepción,187,Juzgado de Letras de Tomé
Cobranza,46,C.A. de Concepción,188,Juzgado de Letras y Garantía de Florida
Cobranza,46,C.A. de Concepción,189,Juzgado de Letras y Garantía de Santa Juana
Cobranza,46,C.A. de Concepción,190,Juzgado de Letras y Garantía de Lota
Cobranza,46,C.A. de Concepción,191,1º Juzgado de Letras de Coronel
Cobranza,46,C.A. de Concepción,192,2º Juzgado de Letras de Coronel
Cobranza,46,C.A. de Concepción,193,Juzgado de Letras y Garantía de Lebu
Cobranza,46,C.A. de Concepción,194,Juzgado de Letras de Arauco
Cobranza,46,C.A. de Concepción,195,Juzgado de Letras y Garantía de Curanilahue
Cobranza,46,C.A. de Concepción,196,Juzgado de Letras de Cañete
Cobranza,46,C.A. de Concepción,385,Juzgado de Letras y Garantía de Santa Bárbara
Cobranza,46,C.A. de Concepción,1152,Juzgado de Letras y Garantía de Cabrero
Cobranza,46,C.A. de Concepción,1332,Juzgado de Cobranza Laboral y Previsional de Concepción
Cobranza,46,C.A. de Concepción,1359,Juzgado de Letras del Trabajo de Los Ángeles
Cobranza,50,C.A. de Temuco,204,1º Juzgado de Letras de Angol
Cobranza,50,C.A. de Temuco,206,Juzgado de Letras y Garantía de Collipulli
Cobranza,50,C.A. de Temuco,207,Juzgado de Letras y Garantía de Traiguén
Cobranza,50,C.A. de Temuco,208,Juzgado de Letras de Victoria
Cobranza,50,C.A. de Temuco,209,Juzgado de Letras y Garantía de Curacautin
Cobranza,50,C.A. de Temuco,210,Juzgado de Letras de Loncoche
Cobranza,50,C.A. de Temuco,211,Juzgado de Letras de Pitrufquén
Cobranza,50,C.A. de Temuco,212,Juzgado de Letras de Villarrica
Cobranza,50,C.A. de Temuco,213,Juzgado de Letras de Nueva Imperial
Cobranza,50,C.A. de Temuco,214,Juzgado de Letras y Garantía de Pucón
Cobranza,50,C.A. de Temuco,215,Juzgado de Letras de Lautaro
Cobranza,50,C.A. de Temuco,216,Juzgado de Letras y Garantía de Carahue
Cobranza,50,C.A. de Temuco,946,Juzgado de Letras y Garantía de Toltén
Cobranza,50,C.A. de Temuco,947,Juzgado de Letras y Garantía de Purén
Cobranza,50,C.A. de Temuco,1344,Juzgado de Letras del Trabajo de Temuco
Cobranza,55,C.A. de Valdivia,222,Juzgado de Letras de Mariquina
Cobranza,55,C.A. de Valdivia,223,Juzgado de Letras y Garantía de Paillaco
Cobranza,55,C.A. de Valdivia,224,Juzgado de Letras de Los Lagos
Cobranza,55,C.A. de Valdivia,225,Juzgado de Letras y Garantía de Panguipulli
Cobranza,55,C.A. de Valdivia,226,Juzgado de Letras y Garantía de La Unión
Cobranza,55,C.A. de Valdivia,227,Juzgado de Letras y Garantía de Rio Bueno
Cobranza,55,C.A. de Valdivia,1345,Juzgado de Letras del Trabajo de Valdivia
Cobranza,55,C.A. de Valdivia,1360,Juzgado de Letras del Trabajo de Osorno
Cobranza,56,C.A. de Puerto Montt,238,1º Juzgado de Letras de Puerto Varas
Cobranza,56,C.A. de Puerto Montt,240,Juzgado de Letras y Garantía de Calbuco
Cobranza,56,C.A. de Puerto Montt,241,Juzgado de Letras y Garantía de Maullín
Cobranza,56,C.A. de Puerto Montt,243,Juzgado de Letras de Ancud
Cobranza,56,C.A. de Puerto Montt,244,Juzgado de Letras y Garantía de Achao
Cobranza,56,C.A. de Puerto Montt,245,Juzgado de Letras y Garantía de Chaitén
Cobranza,56,C.A. de Puerto Montt,659,Juzgado de Letras y Garantía de Los Muermos
Cobranza,56,C.A. de Puerto Montt,1013,Juzgado de Letras y Garantía de Hualaihue
Cobranza,56,C.A. de Puerto Montt,1346,Juzgado de Letras del Trabajo de Puerto Montt
Cobranza,56,C.A. de Puerto Montt,1361,Juzgado de Letras del Trabajo de Castro
Cobranza,60,C.A. de Coyhaique,248,Juzgado de Letras y Garantía de Puerto Aysén
Cobranza,60,C.A. de Coyhaique,249,Juzgado de Letras y Garantía de Chile Chico
Cobranza,60,C.A. de Coyhaique,250,Juzgado de Letras y Garantía de Cochrane
Cobranza,60,C.A. de Coyhaique,996,Juzgado de Letras y Garantía de Puerto Cisnes
Cobranza,60,C.A. de Coyhaique,1362,Juzgado de Letras del Trabajo de Coyhaique
Cobranza,61,C.A. de Punta Arenas,257,Juzgado de Letras y Garantía de Puerto Natales
Cobranza,61,C.A. de Punta Arenas,258,Juzgado de Letras y Garantía de Porvenir
Cobranza,61,C.A. de Punta Arenas,1347,Juzgado de Letras del Trabajo de Punta Arenas
Cobranza,61,C.A. de Punta Arenas,1502,Juzgado de Letras y Garantía de Cabo de Hornos
Cobranza,90,C.A. de Santiago,387,Juzgado de Letras de Colina
Cobranza,90,C.A. de Santiago,1329,Juzgado de Cobranza Laboral y Previsional de Santiago
Cobranza,91,C.A. de San Miguel,373,1º Juzgado de Letras de Talagante
Cobranza,91,C.A. de San Miguel,374,2º Juzgado de Letras de Talagante
Cobranza,91,C.A. de San Miguel,375,1º Juzgado de Letras de Melipilla
Cobranza,91,C.A. de San Miguel,377,1º Juzgado de Letras de Buin
Cobranza,91,C.A. de San Miguel,378,2º Juzgado de Letras de Buin
Cobranza,91,C.A. de San Miguel,388,Juzgado de Letras de Peñaflor
Cobranza,91,C.A. de San Miguel,1330,Juzgado de Cobranza Laboral y Previsional de San Miguel
Cobranza,91,C.A. de San Miguel,1352,Juzgado de Letras del Trabajo de San Bernardo
Cobranza,91,C.A. de San Miguel,1363,Juzgado de Letras del Trabajo de Puente Alto
Familia,10,C.A. de Arica,1252,Juzgado de Familia de Arica
Familia,11,C.A. de Iquique,6,Juzgado de Letras y Garantía de Pozo Almonte
Familia,11,C.A. de Iquique,1253,Juzgado de Familia de Iquique
Familia,11,C.A. de Iquique,1500,Juzgado de Letras y Garantía de Alto Hospicio
Familia,15,C.A. de Antofagasta,13,Juzgado de Letras de Tocopilla
Familia,15,C.A. de Antofagasta,14,Juzgado de Letras y Garantía de María Elena
Familia,15,C.A. de Antofagasta,26,Juzgado de Letras y Garantía de Taltal
Familia,15,C.A. de Antofagasta,1254,Juzgado de Familia de Antofagasta
Familia,15,C.A. de Antofagasta,1255,Juzgado de Familia de Calama
Familia,15,C.A. de Antofagasta,1501,Juzgado de Letras y Garantía de Mejillones
Familia,20,C.A. de Copiapó,27,Juzgado de Letras y Garantía de Chañaral
Familia,20,C.A. de Copiapó,29,Juzgado de Letras de Diego de Almagro
Familia,20,C.A. de Copiapó,34,Juzgado de Letras y Garantía de Freirina
Familia,20,C.A. de Copiapó,386,Juzgado de Letras y Garantía de Caldera
Familia,20,C.A. de Copiapó,1256,Juzgado de Familia de Copiapó
Familia,20,C.A. de Copiapó,1257,Juzgado de Familia de Vallenar
Familia,25,C.A. de La Serena,46,Juzgado de Letras de Vicuña
Familia,25,C.A. de La Serena,47,Juzgado de Letras y Garantía de Andacollo
Familia,25,C.A. de La Serena,51,Juzgado de Letras y Garantía de Combarbalá
Familia,25,C.A. de La Serena,52,Juzgado de Letras de Illapel
Familia,25,C.A. de La Serena,53,Juzgado de Letras y Garantía de Los Vilos
Familia,25,C.A. de La Serena,1258,Juzgado de Familia de Coquimbo
Familia,25,C.A. de La Serena,1259,Juzgado de Familia de La Serena
Familia,25,C.A. de La Serena,1260,Juzgado de Familia de Ovalle
Familia,30,C.A. de Valparaíso,88,Juzgado de Letras y Garantía de Petorca
Familia,30,C.A. de Valparaíso,94,Juzgado de Letras y Garantía de Putaendo
Familia,30,C.A. de Valparaíso,103,Juzgado de Letras y Garantía de Isla de Pascua
Familia,30,C.A. de Valparaíso,660,Juzgado de Letras y Garantía de Quintero
Familia,30,C.A. de Valparaíso,1261,Juzgado de Familia de Casablanca
Familia,30,C.A. de Valparaíso,1262,Juzgado de Familia de La Ligua
Familia,30,C.A. de Valparaíso,1263,Juzgado de Familia de Limache
Familia,30,C.A. de Valparaíso,1264,Juzgado de Familia de Los Andes
Familia,30,C.A. de Valparaíso,1265,Juzgado de Familia de Quillota
Familia,30,C.A. de Valparaíso,1266,Juzgado de Familia de Quilpué
Familia,30,C.A. de Valparaíso,1267,Juzgado de Familia de San Antonio
Familia,30,C.A. de Valparaíso,1268,Juzgado de Familia de San Felipe
Familia,30,C.A. de Valparaíso,1269,Juzgado de Familia de Valparaíso
Familia,30,C.A. de Valparaíso,1270,Juzgado de Familia de Villa Alemana
Familia,30,C.A. de Valparaíso,1271,Juzgado de Familia de Viña del Mar
Familia,35,C.A. de Rancagua,113,Juzgado de Letras de San Vicente
Familia,35,C.A. de Rancagua,114,1º Juzgado de Letras y Garantía de Peumo
Familia,35,C.A. de Rancagua,119,Juzgado de Letras y Garantía de Pichilemu
Familia,35,C.A. de Rancagua,1150,Juzgado de Letras y Garantía de Litueche
Familia,35,C.A. de Rancagua,1151,Juzgado de Letras y Garantía de Peralillo
Familia,35,C.A. de Rancagua,1272,Juzgado de Familia de Rancagua
Familia,35,C.A. de Rancagua,1273,Juzgado de Familia de Rengo
Familia,35,C.A. de Rancagua,1274,Juzgado de Familia de San Fernando
Familia,35,C.A. de Rancagua,1275,Juzgado de Familia de Santa Cruz
Familia,40,C.A. de Talca,127,Juzgado de Letras y Garantía de Curepto
Familia,40,C.A. de Talca,132,Juzgado de Letras y Garantía de Licantén
Familia,40,C.A. de Talca,133,Juzgado de Letras de Molina
Familia,40,C.A. de Talca,138,Juzgado de Letras de San Javier
Familia,40,C.A. de Talca,139,Juzgado de Letras de Cauquenes
Familia,40,C.A. de Talca,140,Juzgado de Letras y Garantía de Chanco
Familia,40,C.A. de Talca,1276,Juzgado de Familia de Constitución
Familia,40,C.A. de Talca,1277,Juzgado de Familia de Curicó
Familia,40,C.A. de Talca,1278,Juzgado de Familia de Linares
Familia,40,C.A. de Talca,1279,Juzgado de Familia de Parral
Familia,40,C.A. de Talca,1280,Juzgado de Familia de Talca
Familia,45,C.A. de Chillán,147,1º Juzgado de Letras de San Carlos
Familia,45,C.A. de Chillán,149,Juzgado de Letras de Yungay
Familia,45,C.A. de Chillán,150,Juzgado de Letras y Garantía de Bulnes
Familia,45,C.A. de Chillán,151,Juzgado de Letras y Garantía de Coelemu
Familia,45,C.A. de Chillán,152,Juzgado de Letras y Garantía de Quirihue
Familia,45,C.A. de Chillán,1281,Juzgado de Familia de Chillán
Familia,46,C.A. de Concepción,157,Juzgado de Letras y Garantía de Mulchén
Familia,46,C.A. de Concepción,158,Juzgado de Letras y Garantía de Nacimiento
Familia,46,C.A. de Concepción,159,Juzgado de Letras y Garantía de Laja
Familia,46,C.A. de Concepción,188,Juzgado de Letras y Garantía de Florida
Familia,46,C.A. de Concepción,189,Juzgado de Letras y Garantía de Santa Juana
Familia,46,C.A. de Concepción,193,Juzgado de Letras y Garantía de Lebu
Familia,46,C.A. de Concepción,194,Juzgado de Letras de Arauco
Familia,46,C.A. de Concepción,195,Juzgado de Letras y Garantía de Curanilahue
Familia,46,C.A. de Concepción,196,Juzgado de Letras de Cañete
Familia,46,C.A. de Concepción,385,Juzgado de Letras y Garantía de Santa Bárbara
Familia,46,C.A. de Concepción,1152,Juzgado de Letras y Garantía de Cabrero
Familia,46,C.A. de Concepción,1282,Juzgado de Familia de Concepción
Familia,46,C.A. de Concepción,1283,Juzgado de Familia de Coronel
Familia,46,C.A. de Concepción,1284,Juzgado de Familia de Los Ángeles
Familia,46,C.A. de Concepción,1285,Juzgado de Familia de Talcahuano
Familia,46,C.A. de Concepción,1286,Juzgado de Familia de Tomé
Familia,46,C.A. de Concepción,1287,Juzgado de Familia de Yumbel
Familia,50,C.A. de Temuco,206,Juzgado de Letras y Garantía de Collipulli
Familia,50,C.A. de Temuco,207,Juzgado de Letras y Garantía de Traiguén
Familia,50,C.A. de Temuco,208,Juzgado de Letras de Victoria
Familia,50,C.A. de Temuco,209,Juzgado de Letras y Garantía de Curacautin
Familia,50,C.A. de Temuco,210,Juzgado de Letras de Loncoche
Familia,50,C.A. de Temuco,211,Juzgado de Letras de Pitrufquén
Familia,50,C.A. de Temuco,212,Juzgado de Letras de Villarrica
Familia,50,C.A. de Temuco,213,Juzgado de Letras de Nueva Imperial
Familia,50,C.A. de Temuco,214,Juzgado de Letras y Garantía de Pucón
Familia,50,C.A. de Temuco,215,Juzgado de Letras de Lautaro
Familia,50,C.A. de Temuco,216,Juzgado de Letras y Garantía de Carahue
Familia,50,C.A. de Temuco,946,Juzgado de Letras y Garantía de Toltén
Familia,50,C.A. de Temuco,947,Juzgado de Letras y Garantía de Purén
Familia,50,C.A. de Temuco,1288,Juzgado de Familia de Angol
Familia,50,C.A. de Temuco,1289,Juzgado de Familia de Temuco
Familia,55,C.A. de Valdivia,222,Juzgado de Letras de Mariquina
Familia,55,C.A. de Valdivia,223,Juzgado de Letras y Garantía de Paillaco
Familia,55,C.A. de Valdivia,224,Juzgado de Letras de Los Lagos
Familia,55,C.A. de Valdivia,225,Juzgado de Letras y Garantía de Panguipulli
Familia,55,C.A. de Valdivia,226,Juzgado de Letras y Garantía de La Unión
Familia,55,C.A. de Valdivia,227,Juzgado de Letras y Garantía de Rio Bueno
Familia,55,C.A. de Valdivia,233,Juzgado de Letras de Rio Negro
Familia,55,C.A. de Valdivia,1290,Juzgado de Familia de Osorno
Familia,55,C.A. de Valdivia,1291,Juzgado de Familia de Valdivia
Familia,56,C.A. de Puerto Montt,240,Juzgado de Letras y Garantía de Calbuco
Familia,56,C.A. de Puerto Montt,241,Juzgado de Letras y Garantía de Maullín
Familia,56,C.A. de Puerto Montt,244,Juzgado de Letras y Garantía de Achao
Familia,56,C.A. de Puerto Montt,245,Juzgado de Letras y Garantía de Chaitén
Familia,56,C.A. de Puerto Montt,659,Juzgado de Letras y Garantía de Los Muermos
Familia,56,C.A. de Puerto Montt,662,Juzgado de Letras y Garantía de Quellón
Familia,56,C.A. de Puerto Montt,1013,Juzgado de Letras y Garantía de Hualaihue
Familia,56,C.A. de Puerto Montt,1292,Juzgado de Familia de Ancud
Familia,56,C.A. de Puerto Montt,1293,Juzgado de Familia de Castro
Familia,56,C.A. de Puerto Montt,1294,Juzgado de Familia de Puerto Montt
Familia,56,C.A. de Puerto Montt,1295,Juzgado de Familia de Puerto Varas
Familia,60,C.A. de Coyhaique,248,Juzgado de Letras y Garantía de Puerto Aysén
Familia,60,C.A. de Coyhaique,249,Juzgado de Letras y Garantía de Chile Chico
Familia,60,C.A. de Coyhaique,250,Juzgado de Letras y Garantía de Cochrane
Familia,60,C.A. de Coyhaique,996,Juzgado de Letras y Garantía de Puerto Cisnes
Familia,60,C.A. de Coyhaique,1296,Juzgado de Familia de Coyhaique
Familia,61,C.A. de Punta Arenas,257,Juzgado de Letras y Garantía de Puerto Natales
Familia,61,C.A. de Punta Arenas,258,Juzgado de Letras y Garantía de Porvenir
Familia,61,C.A. de Punta Arenas,1297,Juzgado de Familia de Punta Arenas
Familia,61,C.A. de Punta Arenas,1502,Juzgado de Letras y Garantía de Cabo de Hornos
Familia,90,C.A. de Santiago,1298,1º Juzgado de Familia de Santiago
Familia,90,C.A. de Santiago,1299,2º Juzgado de Familia de Santiago
Familia,90,C.A. de Santiago,1300,3º Juzgado de Familia de Santiago
Familia,90,C.A. de Santiago,1301,4º Juzgado de Familia de Santiago
Familia,90,C.A. de Santiago,1302,Juzgado de Familia de Colina
Familia,90,C.A. de Santiago,1303,Juzgado de Familia de Pudahuel
Familia,90,C.A. de Santiago,1385,Centro de Medidas Cautelares
Familia,91,C.A. de San Miguel,1304,1º Juzgado de Familia de San Miguel
Familia,91,C.A. de San Miguel,1305,2º Juzgado de Familia de San Miguel
Familia,91,C.A. de San Miguel,1306,Juzgado de Familia de Buin
Familia,91,C.A. de San Miguel,1307,Juzgado de Familia de Melipilla
Familia,91,C.A. de San Miguel,1308,Juzgado de Familia de Peñaflor
Familia,91,C.A. de San Miguel,1309,Juzgado de Familia de Puente Alto
Familia,91,C.A. de San Miguel,1310,Juzgado de Familia de San Bernardo
Familia,91,C.A. de San Miguel,1311,Juzgado de Familia de Talagante
Penal,10,C.A. de Arica,988,Tribunal de Juicio Oral en Lo Penal de Arica
Penal,10,C.A. de Arica,992,Juzgado de Garantía de Arica
Penal,11,C.A. de Iquique,6,Juzgado de Letras y Garantía de Pozo Almonte
Penal,11,C.A. de Iquique,989,Tribunal de Juicio Oral en Lo Penal de Iquique
Penal,11,C.A. de Iquique,993,Juzgado de Garantía de Iquique
Penal,11,C.A. de Iquique,1500,Juzgado de Letras y Garantía de Alto Hospicio
Penal,15,C.A. de Antofagasta,14,Juzgado de Letras y Garantía de María Elena
Penal,15,C.A. de Antofagasta,26,Juzgado de Letras y Garantía de Taltal
Penal,15,C.A. de Antofagasta,948,Tribunal de Juicio Oral en Lo Penal de Calama
Penal,15,C.A. de Antofagasta,949,Tribunal de Juicio Oral en Lo Penal de Antofagasta
Penal,15,C.A. de Antofagasta,950,Juzgado de Garantía de Tocopilla
Penal,15,C.A. de Antofagasta,951,Juzgado de Garantía de Calama
Penal,15,C.A. de Antofagasta,952,Juzgado de Garantía de Antofagasta
Penal,15,C.A. de Antofagasta,1501,Juzgado de Letras y Garantía de Mejillones
Penal,20,C.A. de Copiapó,27,Juzgado de Letras y Garantía de Chañaral
Penal,20,C.A. de Copiapó,34,Juzgado de Letras y Garantía de Freirina
Penal,20,C.A. de Copiapó,386,Juzgado de Letras y Garantía de Caldera
Penal,20,C.A. de Copiapó,953,Tribunal de Juicio Oral en Lo Penal de Copiapó
Penal,20,C.A. de Copiapó,954,Juzgado de Garantía de Diego de Almagro
Penal,20,C.A. de Copiapó,955,Juzgado de Garantía de Copiapó
Penal,20,C.A. de Copiapó,956,Juzgado de Garantía de Vallenar
Penal,25,C.A. de La Serena,47,Juzgado de Letras y Garantía de Andacollo
Penal,25,C.A. de La Serena,51,Juzgado de Letras y Garantía de Combarbalá
Penal,25,C.A. de La Serena,53,Juzgado de Letras y Garantía de Los Vilos
Penal,25,C.A. de La Serena,927,Tribunal de Juicio Oral en Lo Penal de La Serena
Penal,25,C.A. de La Serena,928,Tribunal de Juicio Oral en Lo Penal de Ovalle
Penal,25,C.A. de La Serena,929,Juzgado de Garantía de La Serena
Penal,25,C.A. de La Serena,930,Juzgado de Garantía de Coquimbo
Penal,25,C.A. de La Serena,931,Juzgado de Garantía de Vicuña
Penal,25,C.A. de La Serena,932,Juzgado de Garantía de Ovalle
Penal,25,C.A. de La Serena,933,Juzgado de Garantía de Illapel
Penal,30,C.A. de Valparaíso,88,Juzgado de Letras y Garantía de Petorca
Penal,30,C.A. de Valparaíso,94,Juzgado de Letras y Garantía de Putaendo
Penal,30,C.A. de Valparaíso,103,Juzgado de Letras y Garantía de Isla de Pascua
Penal,30,C.A. de Valparaíso,660,Juzgado de Letras y Garantía de Quintero
Penal,30,C.A. de Valparaíso,1045,Juzgado de Garantía de Valparaíso
Penal,30,C.A. de Valparaíso,1046,Juzgado de Garantía de Viña del Mar
Penal,30,C.A. de Valparaíso,1047,Juzgado de Garantía de Quilpué
Penal,30,C.A. de Valparaíso,1048,Tribunal de Juicio Oral en Lo Penal Viña del Mar
Penal,30,C.A. de Valparaíso,1049,Juzgado de Garantía de San Antonio
Penal,30,C.A. de Valparaíso,1050,Juzgado de Garantía de Casablanca
Penal,30,C.A. de Valparaíso,1051,Juzgado de Garantía de La Ligua
Penal,30,C.A. de Valparaíso,1052,Juzgado de Garantía de San Felipe
Penal,30,C.A. de Valparaíso,1053,Tribunal de Juicio Oral en Lo Penal de Quillota
Penal,30,C.A. de Valparaíso,1054,Tribunal de Juicio Oral en Lo Penal de Valparaíso
Penal,30,C.A. de Valparaíso,1055,Juzgado de Garantía de Limache
Penal,30,C.A. de Valparaíso,1056,Juzgado de Garantía de La Calera
Penal,30,C.A. de Valparaíso,1057,Juzgado de Garantía de Quillota
Penal,30,C.A. de Valparaíso,1058,Tribunal de Juicio Oral en Lo Penal de Los Andes
Penal,30,C.A. de Valparaíso,1059,Tribunal de Juicio Oral en Lo Penal de San Felipe
Penal,30,C.A. de Valparaíso,1060,Juzgado de Garantía de Los Andes
Penal,30,C.A. de Valparaíso,1061,Juzgado de Garantía de Villa Alemana
Penal,30,C.A. de Valparaíso,1062,Tribunal de Juicio Oral en Lo Penal San Antonio
Penal,35,C.A. de Rancagua,114,1º Juzgado de Letras y Garantía de Peumo
Penal,35,C.A. de Rancagua,119,Juzgado de Letras y Garantía de Pichilemu
Penal,35,C.A. de Rancagua,1063,Juzgado de Garantía de San Fernando
Penal,35,C.A. de Rancagua,1064,Tribunal de Juicio Oral en Lo Penal de Santa Cruz
Penal,35,C.A. de Rancagua,1065,Juzgado de Garantía de Santa Cruz
Penal,35,C.A. de Rancagua,1067,Juzgado de Garantía de Rengo
Penal,35,C.A. de Rancagua,1068,Tribunal de Juicio Oral en Lo Penal San Fernando
Penal,35,C.A. de Rancagua,1069,Juzgado de Garantía de Graneros
Penal,35,C.A. de Rancagua,1070,Juzgado de Garantía de Rancagua
Penal,35,C.A. de Rancagua,1071,Tribunal de Juicio Oral en Lo Penal de Rancagua
Penal,35,C.A. de Rancagua,1097,Juzgado de Garantía de San Vicente de Tagua-Tagua
Penal,35,C.A. de Rancagua,1150,Juzgado de Letras y Garantía de Litueche
Penal,35,C.A. de Rancagua,1151,Juzgado de Letras y Garantía de Peralillo
Penal,40,C.A. de Talca,127,Juzgado de Letras y Garantía de Curepto
Penal,40,C.A. de Talca,132,Juzgado de Letras y Garantía de Licantén
Penal,40,C.A. de Talca,140,Juzgado de Letras y Garantía de Chanco
Penal,40,C.A. de Talca,957,Tribunal de Juicio Oral en Lo Penal de Curicó
Penal,40,C.A. de Talca,958,Tribunal de Juicio Oral en Lo Penal de Talca
Penal,40,C.A. de Talca,959,Tribunal de Juicio Oral en Lo Penal de Linares
Penal,40,C.A. de Talca,960,Tribunal de Juicio Oral en Lo Penal de Cauquenes
Penal,40,C.A. de Talca,961,Juzgado de Garantía de Curicó
Penal,40,C.A. de Talca,962,Juzgado de Garantía de Molina
Penal,40,C.A. de Talca,963,Juzgado de Garantía de Constitución
Penal,40,C.A. de Talca,964,Juzgado de Garantía de Talca
Penal,40,C.A. de Talca,965,Juzgado de Garantía de San Javier
Penal,40,C.A. de Talca,966,Juzgado de Garantía de Cauquenes
Penal,40,C.A. de Talca,967,Juzgado de Garantía de Linares
Penal,40,C.A. de Talca,968,Juzgado de Garantía de Parral
Penal,45,C.A. de Chillán,150,Juzgado de Letras y Garantía de Bulnes
Penal,45,C.A. de Chillán,151,Juzgado de Letras y Garantía de Coelemu
Penal,45,C.A. de Chillán,152,Juzgado de Letras y Garantía de Quirihue
Penal,45,C.A. de Chillán,1072,Juzgado de Garantía de Chillán
Penal,45,C.A. de Chillán,1073,Juzgado de Garantía de Yungay
Penal,45,C.A. de Chillán,1074,Juzgado de Garantía de San Carlos
Penal,45,C.A. de Chillán,1093,Tribunal de Juicio Oral en Lo Penal de Chillán
Penal,46,C.A. de Concepción,157,Juzgado de Letras y Garantía de Mulchén
Penal,46,C.A. de Concepción,158,Juzgado de Letras y Garantía de Nacimiento
Penal,46,C.A. de Concepción,159,Juzgado de Letras y Garantía de Laja
Penal,46,C.A. de Concepción,160,Juzgado de Letras y Garantía de Yumbel
Penal,46,C.A. de Concepción,188,Juzgado de Letras y Garantía de Florida
Penal,46,C.A. de Concepción,189,Juzgado de Letras y Garantía de Santa Juana
Penal,46,C.A. de Concepción,190,Juzgado de Letras y Garantía de Lota
Penal,46,C.A. de Concepción,193,Juzgado de Letras y Garantía de Lebu
Penal,46,C.A. de Concepción,195,Juzgado de Letras y Garantía de Curanilahue
Penal,46,C.A. de Concepción,385,Juzgado de Letras y Garantía de Santa Bárbara
Penal,46,C.A. de Concepción,1075,Juzgado de Garantía de San Pedro de La Paz
Penal,46,C.A. de Concepción,1076,Juzgado de Garantía de Cañete
Penal,46,C.A. de Concepción,1077,Juzgado de Garantía de Arauco
Penal,46,C.A. de Concepción,1078,Juzgado de Garantía de Coronel
Penal,46,C.A. de Concepción,1079,Juzgado de Garantía de Tomé
Penal,46,C.A. de Concepción,1080,Juzgado de Garantía de Talcahuano
Penal,46,C.A. de Concepción,1081,Juzgado de Garantía de Chiguayante
Penal,46,C.A. de Concepción,1082,Juzgado de Garantía de Concepción
Penal,46,C.A. de Concepción,1083,Juzgado de Garantía de Los Ángeles
Penal,46,C.A. de Concepción,1094,Tribunal de Juicio Oral en Lo Penal de Concepción
Penal,46,C.A. de Concepción,1152,Juzgado de Letras y Garantía de Cabrero
Penal,46,C.A. de Concepción,1325,Tribunal Oral en Lo Penal de Los Ángeles
Penal,46,C.A. de Concepción,1326,Tribunal Oral en Lo Penal de Cañete
Penal,50,C.A. de Temuco,206,Juzgado de Letras y Garantía de Collipulli
Penal,50,C.A. de Temuco,207,Juzgado de Letras y Garantía de Traiguén
Penal,50,C.A. de Temuco,209,Juzgado de Letras y Garantía de Curacautin
Penal,50,C.A. de Temuco,214,Juzgado de Letras y Garantía de Pucón
Penal,50,C.A. de Temuco,216,Juzgado de Letras y Garantía de Carahue
Penal,50,C.A. de Temuco,934,Tribunal de Juicio Oral en Lo Penal de Temuco
Penal,50,C.A. de Temuco,935,Tribunal de Juicio Oral en Lo Penal de Angol
Penal,50,C.A. de Temuco,936,Tribunal de Juicio Oral en Lo Penal de Villarrica
Penal,50,C.A. de Temuco,937,Juzgado de Garantía de Temuco
Penal,50,C.A. de Temuco,938,Juzgado de Garantía de Pitrufquén
Penal,50,C.A. de Temuco,939,Juzgado de Garantía de Villarrica
Penal,50,C.A. de Temuco,940,Juzgado de Garantía de Angol
Penal,50,C.A. de Temuco,941,Juzgado de Garantía de Victoria
Penal,50,C.A. de Temuco,942,Juzgado de Garantía de Nueva Imperial
Penal,50,C.A. de Temuco,943,Juzgado de Garantía de Lautaro
Penal,50,C.A. de Temuco,944,Juzgado de Garantía de Loncoche
Penal,50,C.A. de Temuco,946,Juzgado de Letras y Garantía de Toltén
Penal,50,C.A. de Temuco,947,Juzgado de Letras y Garantía de Purén
Penal,55,C.A. de Valdivia,223,Juzgado de Letras y Garantía de Paillaco
Penal,55,C.A. de Valdivia,225,Juzgado de Letras y Garantía de Panguipulli
Penal,55,C.A. de Valdivia,226,Juzgado de Letras y Garantía de La Unión
Penal,55,C.A. de Valdivia,227,Juzgado de Letras y Garantía de Rio Bueno
Penal,55,C.A. de Valdivia,1084,Juzgado de Garantía de Valdivia
Penal,55,C.A. de Valdivia,1085,Juzgado de Garantía de Mariquina
Penal,55,C.A. de Valdivia,1086,Juzgado de Garantía de Los Lagos
Penal,55,C.A. de Valdivia,1087,Juzgado de Garantía de Río Negro
Penal,55,C.A. de Valdivia,1088,Juzgado de Garantía de Osorno
Penal,55,C.A. de Valdivia,1095,Tribunal de Juicio Oral en Lo Penal de Valdivia
Penal,55,C.A. de Valdivia,1251,Tribunal de Juicio Oral en Lo Penal de Osorno
Penal,56,C.A. de Puerto Montt,240,Juzgado de Letras y Garantía de Calbuco
Penal,56,C.A. de Puerto Montt,241,Juzgado de Letras y Garantía de Maullín
Penal,56,C.A. de Puerto Montt,244,Juzgado de Letras y Garantía de Achao
Penal,56,C.A. de Puerto Montt,245,Juzgado de Letras y Garantía de Chaitén
Penal,56,C.A. de Puerto Montt,659,Juzgado de Letras y Garantía de Los Muermos
Penal,56,C.A. de Puerto Montt,662,Juzgado de Letras y Garantía de Quellón
Penal,56,C.A. de Puerto Montt,1013,Juzgado de Letras y Garantía de Hualaihue
Penal,56,C.A. de Puerto Montt,1089,Juzgado de Garantía de Castro
Penal,56,C.A. de Puerto Montt,1090,Juzgado de Garantía de Puerto Montt
Penal,56,C.A. de Puerto Montt,1091,Juzgado de Garantía de Puerto Varas
Penal,56,C.A. de Puerto Montt,1092,Juzgado de Garantía de Ancud
Penal,56,C.A. de Puerto Montt,1096,Tribunal de Juicio Oral en Lo Penal Puerto Montt
Penal,56,C.A. de Puerto Montt,1328,Tribunal Oral en Lo Penal de Castro
Penal,60,C.A. de Coyhaique,248,Juzgado de Letras y Garantía de Puerto Aysén
Penal,60,C.A. de Coyhaique,249,Juzgado de Letras y Garantía de Chile Chico
Penal,60,C.A. de Coyhaique,250,Juzgado de Letras y Garantía de Cochrane
Penal,60,C.A. de Coyhaique,990,Tribunal de Juicio Oral en Lo Penal de Coyhaique
Penal,60,C.A. de Coyhaique,994,Juzgado de Garantía de Coyhaique
Penal,60,C.A. de Coyhaique,996,Juzgado de Letras y Garantía de Puerto Cisnes
Penal,61,C.A. de Punta Arenas,257,Juzgado de Letras y Garantía de Puerto Natales
Penal,61,C.A. de Punta Arenas,258,Juzgado de Letras y Garantía de Porvenir
Penal,61,C.A. de Punta Arenas,991,Tribunal de Juicio Oral en Lo Penal Punta Arenas
Penal,61,C.A. de Punta Arenas,995,Juzgado de Garantía de Punta Arenas
Penal,61,C.A. de Punta Arenas,1502,Juzgado de Letras y Garantía de Cabo de Hornos
Penal,90,C.A. de Santiago,1220,1º Juzgado de Garantía de Santiago
Penal,90,C.A. de Santiago,1221,2º Juzgado de Garantía de Santiago
Penal,90,C.A. de Santiago,1222,3º Juzgado de Garantía de Santiago
Penal,90,C.A. de Santiago,1223,4º Juzgado de Garantía de Santiago
Penal,90,C.A. de Santiago,1224,5º Juzgado de Garantía de Santiago
Penal,90,C.A. de Santiago,1225,6º Juzgado de Garantía de Santiago
Penal,90,C.A. de Santiago,1226,7º Juzgado de Garantía de Santiago
Penal,90,C.A. de Santiago,1227,8º Juzgado de Garantía de Santiago
Penal,90,C.A. de Santiago,1228,9º Juzgado de Garantía de Santiago
Penal,90,C.A. de Santiago,1232,13º Juzgado de Garantía de Santiago
Penal,90,C.A. de Santiago,1233,14º Juzgado de Garantía de Santiago
Penal,90,C.A. de Santiago,1235,Juzgado de Garantía de Colina
Penal,90,C.A. de Santiago,1244,1º Tribunal de Juicio Oral en Lo Penal de Santiago
Penal,90,C.A. de Santiago,1245,2º Tribunal de Juicio Oral en Lo Penal de Santiago
Penal,90,C.A. de Santiago,1246,3º Tribunal de Juicio Oral en Lo Penal de Santiago
Penal,90,C.A. de Santiago,1247,4º Tribunal de Juicio Oral en Lo Penal de Santiago
Penal,90,C.A. de Santiago,1248,5º Tribunal de Juicio Oral en Lo Penal de Santiago
Penal,90,C.A. de Santiago,1250,7º Tribunal de Juicio Oral en Lo Penal de Santiago
Penal,90,C.A. de Santiago,1321,Tribunal de Juicio Oral en Lo Penal Colina
Penal,91,C.A. de San Miguel,1229,10º Juzgado de Garantía de Santiago
Penal,91,C.A. de San Miguel,1230,11º Juzgado de Garantía de Santiago
Penal,91,C.A. de San Miguel,1231,12º Juzgado de Garantía de Santiago
Penal,91,C.A. de San Miguel,1234,15º Juzgado de Garantía de Santiago
Penal,91,C.A. de San Miguel,1236,Juzgado de Garantía de Puente Alto
Penal,91,C.A. de San Miguel,1237,Juzgado de Garantía de San Bernardo
Penal,91,C.A. de San Miguel,1238,Juzgado de Garantía de Melipilla
Penal,91,C.A. de San Miguel,1239,Juzgado de Garantía de Curacaví
Penal,91,C.A. de San Miguel,1240,Juzgado de Garantía de Talagante
Penal,91,C.A. de San Miguel,1249,6º Tribunal de Juicio Oral en Lo Penal de San Miguel
Penal,91,C.A. de San Miguel,1320,Tribunal de Juicio Oral en Lo Penal Talagante
Penal,91,C.A. de San Miguel,1322,Tribunal de Juicio Oral en Lo Penal Puente Alto
Penal,91,C.A. de San Miguel,1323,Tribunal de Juicio Oral en Lo Penal San Bernardo
Penal,91,C.A. de San Miguel,1355,Tribunal de Juicio Oral en Lo Penal de Melipilla
Laboral,10,C.A. de Arica,1333,Juzgado de Letras del Trabajo de Arica
Laboral,11,C.A. de Iquique,6,Juzgado de Letras y Garantía de Pozo Almonte
Laboral,11,C.A. de Iquique,1334,Juzgado de Letras del Trabajo de Iquique
Laboral,11,C.A. de Iquique,1500,Juzgado de Letras y Garantía de Alto Hospicio
Laboral,15,C.A. de Antofagasta,13,Juzgado de Letras de Tocopilla
Laboral,15,C.A. de Antofagasta,14,Juzgado de Letras y Garantía de María Elena
Laboral,15,C.A. de Antofagasta,26,Juzgado de Letras y Garantía de Taltal
Laboral,15,C.A. de Antofagasta,1335,Juzgado de Letras del Trabajo de Antofagasta
Laboral,15,C.A. de Antofagasta,1357,Juzgado de Letras del Trabajo de Calama
Laboral,15,C.A. de Antofagasta,1501,Juzgado de Letras y Garantía de Mejillones
Laboral,20,C.A. de Copiapó,27,Juzgado de Letras y Garantía de Chañaral
Laboral,20,C.A. de Copiapó,29,Juzgado de Letras de Diego de Almagro
Laboral,20,C.A. de Copiapó,34,Juzgado de Letras y Garantía de Freirina
Laboral,20,C.A. de Copiapó,36,1º Juzgado de Letras de Vallenar
Laboral,20,C.A. de Copiapó,37,2º Juzgado de Letras de Vallenar
Laboral,20,C.A. de Copiapó,386,Juzgado de Letras y Garantía de Caldera
Laboral,20,C.A. de Copiapó,1336,Juzgado de Letras del Trabajo de Copiapó
Laboral,25,C.A. de La Serena,46,Juzgado de Letras de Vicuña
Laboral,25,C.A. de La Serena,47,Juzgado de Letras y Garantía de Andacollo
Laboral,25,C.A. de La Serena,48,1º Juzgado de Letras de Ovalle
Laboral,25,C.A. de La Serena,49,2º Juzgado de Letras de Ovalle
Laboral,25,C.A. de La Serena,50,3º Juzgado de Letras de Ovalle
Laboral,25,C.A. de La Serena,51,Juzgado de Letras y Garantía de Combarbalá
Laboral,25,C.A. de La Serena,52,Juzgado de Letras de Illapel
Laboral,25,C.A. de La Serena,53,Juzgado de Letras y Garantía de Los Vilos
Laboral,25,C.A. de La Serena,1337,Juzgado de Letras del Trabajo de La Serena
Laboral,30,C.A. de Valparaíso,83,1º Juzgado de Letras de Quilpué
Laboral,30,C.A. de Valparaíso,84,2º Juzgado de Letras de Quilpué
Laboral,30,C.A. de Valparaíso,85,Juzgado de Letras de Villa Alemana
Laboral,30,C.A. de Valparaíso,86,Juzgado de Letras de Casablanca
Laboral,30,C.A. de Valparaíso,87,Juzgado de Letras de La Ligua
Laboral,30,C.A. de Valparaíso,88,Juzgado de Letras y Garantía de Petorca
Laboral,30,C.A. de Valparaíso,89,1º Juzgado de Letras de Los Andes
Laboral,30,C.A. de Valparaíso,90,2º Juzgado de Letras de Los Andes
Laboral,30,C.A. de Valparaíso,94,Juzgado de Letras y Garantía de Putaendo
Laboral,30,C.A. de Valparaíso,96,1º Juzgado de Letras de Quillota
Laboral,30,C.A. de Valparaíso,97,2º Juzgado de Letras de Quillota
Laboral,30,C.A. de Valparaíso,98,Juzgado de Letras de Calera
Laboral,30,C.A. de Valparaíso,99,Juzgado de Letras de Limache
Laboral,30,C.A. de Valparaíso,101,1º Juzgado de Letras de San Antonio
Laboral,30,C.A. de Valparaíso,102,2º Juzgado de Letras de San Antonio
Laboral,30,C.A. de Valparaíso,103,Juzgado de Letras y Garantía de Isla de Pascua
Laboral,30,C.A. de Valparaíso,660,Juzgado de Letras y Garantía de Quintero
Laboral,30,C.A. de Valparaíso,1338,Juzgado de Letras del Trabajo de Valparaíso
Laboral,30,C.A. de Valparaíso,1358,Juzgado de Letras del Trabajo de San Felipe
Laboral,35,C.A. de Rancagua,111,1º Juzgado de Letras de Rengo
Laboral,35,C.A. de Rancagua,113,Juzgado de Letras de San Vicente
Laboral,35,C.A. de Rancagua,114,1º Juzgado de Letras y Garantía de Peumo
Laboral,35,C.A. de Rancagua,115,1º Juzgado de Letras de San Fernando
Laboral,35,C.A. de Rancagua,116,2º Juzgado de Letras de San Fernando
Laboral,35,C.A. de Rancagua,117,1º Juzgado de Letras de Santa Cruz
Laboral,35,C.A. de Rancagua,119,Juzgado de Letras y Garantía de Pichilemu
Laboral,35,C.A. de Rancagua,1150,Juzgado de Letras y Garantía de Litueche
Laboral,35,C.A. de Rancagua,1151,Juzgado de Letras y Garantía de Peralillo
Laboral,35,C.A. de Rancagua,1339,Juzgado de Letras del Trabajo de Rancagua
Laboral,40,C.A. de Talca,126,Juzgado de Letras de Constitución
Laboral,40,C.A. de Talca,127,Juzgado de Letras y Garantía de Curepto
Laboral,40,C.A. de Talca,132,Juzgado de Letras y Garantía de Licantén
Laboral,40,C.A. de Talca,133,Juzgado de Letras de Molina
Laboral,40,C.A. de Talca,135,1º Juzgado de Letras de Linares
Laboral,40,C.A. de Talca,136,2º Juzgado de Letras de Linares
Laboral,40,C.A. de Talca,138,Juzgado de Letras de San Javier
Laboral,40,C.A. de Talca,139,Juzgado de Letras de Cauquenes
Laboral,40,C.A. de Talca,140,Juzgado de Letras y Garantía de Chanco
Laboral,40,C.A. de Talca,141,Juzgado de Letras de Parral
Laboral,40,C.A. de Talca,1340,Juzgado de Letras del Trabajo de Curicó
Laboral,40,C.A. de Talca,1341,Juzgado de Letras del Trabajo de Talca
Laboral,45,C.A. de Chillán,147,1º Juzgado de Letras de San Carlos
Laboral,45,C.A. de Chillán,149,Juzgado de Letras de Yungay
Laboral,45,C.A. de Chillán,150,Juzgado de Letras y Garantía de Bulnes
Laboral,45,C.A. de Chillán,151,Juzgado de Letras y Garantía de Coelemu
Laboral,45,C.A. de Chillán,152,Juzgado de Letras y Garantía de Quirihue
Laboral,45,C.A. de Chillán,1342,Juzgado de Letras del Trabajo de Chillán
Laboral,46,C.A. de Concepción,157,Juzgado de Letras y Garantía de Mulchén
Laboral,46,C.A. de Concepción,158,Juzgado de Letras y Garantía de Nacimiento
Laboral,46,C.A. de Concepción,159,Juzgado de Letras y Garantía de Laja
Laboral,46,C.A. de Concepción,160,Juzgado de Letras y Garantía de Yumbel
Laboral,46,C.A. de Concepción,187,Juzgado de Letras de Tomé
Laboral,46,C.A. de Concepción,188,Juzgado de Letras y Garantía de Florida
Laboral,46,C.A. de Concepción,189,Juzgado de Letras y Garantía de Santa Juana
Laboral,46,C.A. de Concepción,190,Juzgado de Letras y Garantía de Lota
Laboral,46,C.A. de Concepción,191,1º Juzgado de Letras de Coronel
Laboral,46,C.A. de Concepción,192,2º Juzgado de Letras de Coronel
Laboral,46,C.A. de Concepción,193,Juzgado de Letras y Garantía de Lebu
Laboral,46,C.A. de Concepción,194,Juzgado de Letras de Arauco
Laboral,46,C.A. de Concepción,195,Juzgado de Letras y Garantía de Curanilahue
Laboral,46,C.A. de Concepción,196,Juzgado de Letras de Cañete
Laboral,46,C.A. de Concepción,385,Juzgado de Letras y Garantía de Santa Bárbara
Laboral,46,C.A. de Concepción,1152,Juzgado de Letras y Garantía de Cabrero
Laboral,46,C.A. de Concepción,1343,Juzgado de Letras del Trabajo de Concepción
Laboral,46,C.A. de Concepción,1359,Juzgado de Letras del Trabajo de Los Ángeles
Laboral,50,C.A. de Temuco,204,1º Juzgado de Letras de Angol
Laboral,50,C.A. de Temuco,206,Juzgado de Letras y Garantía de Collipulli
Laboral,50,C.A. de Temuco,207,Juzgado de Letras y Garantía de Traiguén
Laboral,50,C.A. de Temuco,208,Juzgado de Letras de Victoria
Laboral,50,C.A. de Temuco,209,Juzgado de Letras y Garantía de Curacautin
Laboral,50,C.A. de Temuco,210,Juzgado de Letras de Loncoche
Laboral,50,C.A. de Temuco,211,Juzgado de Letras de Pitrufquén
Laboral,50,C.A. de Temuco,212,Juzgado de Letras de Villarrica
Laboral,50,C.A. de Temuco,213,Juzgado de Letras de Nueva Imperial
Laboral,50,C.A. de Temuco,214,Juzgado de Letras y Garantía de Pucón
Laboral,50,C.A. de Temuco,215,Juzgado de Letras de Lautaro
Laboral,50,C.A. de Temuco,216,Juzgado de Letras y Garantía de Carahue
Laboral,50,C.A. de Temuco,946,Juzgado de Letras y Garantía de Toltén
Laboral,50,C.A. de Temuco,947,Juzgado de Letras y Garantía de Purén
Laboral,50,C.A. de Temuco,1344,Juzgado de Letras del Trabajo de Temuco
Laboral,55,C.A. de Valdivia,222,Juzgado de Letras de Mariquina
Laboral,55,C.A. de Valdivia,223,Juzgado de Letras y Garantía de Paillaco
Laboral,55,C.A. de Valdivia,224,Juzgado de Letras de Los Lagos
Laboral,55,C.A. de Valdivia,225,Juzgado de Letras y Garantía de Panguipulli
Laboral,55,C.A. de Valdivia,226,Juzgado de Letras y Garantía de La Unión
Laboral,55,C.A. de Valdivia,227,Juzgado de Letras y Garantía de Rio Bueno
Laboral,55,C.A. de Valdivia,1345,Juzgado de Letras del Trabajo de Valdivia
Laboral,55,C.A. de Valdivia,1360,Juzgado de Letras del Trabajo de Osorno
Laboral,56,C.A. de Puerto Montt,238,1º Juzgado de Letras de Puerto Varas
Laboral,56,C.A. de Puerto Montt,240,Juzgado de Letras y Garantía de Calbuco
Laboral,56,C.A. de Puerto Montt,241,Juzgado de Letras y Garantía de Maullín
Laboral,56,C.A. de Puerto Montt,243,Juzgado de Letras de Ancud
Laboral,56,C.A. de Puerto Montt,244,Juzgado de Letras y Garantía de Achao
Laboral,56,C.A. de Puerto Montt,245,Juzgado de Letras y Garantía de Chaitén
Laboral,56,C.A. de Puerto Montt,659,Juzgado de Letras y Garantía de Los Muermos
Laboral,56,C.A. de Puerto Montt,1013,Juzgado de Letras y Garantía de Hualaihue
Laboral,56,C.A. de Puerto Montt,1346,Juzgado de Letras del Trabajo de Puerto Montt
Laboral,56,C.A. de Puerto Montt,1361,Juzgado de Letras del Trabajo de Castro
Laboral,60,C.A. de Coyhaique,248,Juzgado de Letras y Garantía de Puerto Aysén
Laboral,60,C.A. de Coyhaique,249,Juzgado de Letras y Garantía de Chile Chico
Laboral,60,C.A. de Coyhaique,250,Juzgado de Letras y Garantía de Cochrane
Laboral,60,C.A. de Coyhaique,996,Juzgado de Letras y Garantía de Puerto Cisnes
Laboral,60,C.A. de Coyhaique,1362,Juzgado de Letras del Trabajo de Coyhaique
Laboral,61,C.A. de Punta Arenas,257,Juzgado de Letras y Garantía de Puerto Natales
Laboral,61,C.A. de Punta Arenas,258,Juzgado de Letras y Garantía de Porvenir
Laboral,61,C.A. de Punta Arenas,1347,Juzgado de Letras del Trabajo de Punta Arenas
Laboral,61,C.A. de Punta Arenas,1502,Juzgado de Letras y Garantía de Cabo de Hornos
Laboral,90,C.A. de Santiago,387,Juzgado de Letras de Colina
Laboral,90,C.A. de Santiago,1348,1º Juzgado de Letras del Trabajo de Santiago
Laboral,90,C.A. de Santiago,1349,2º Juzgado de Letras del Trabajo de Santiago
Laboral,91,C.A. de San Miguel,373,1º Juzgado de Letras de Talagante
Laboral,91,C.A. de San Miguel,374,2º Juzgado de Letras de Talagante
Laboral,91,C.A. de San Miguel,375,1º Juzgado de Letras de Melipilla
Laboral,91,C.A. de San Miguel,377,1º Juzgado de Letras de Buin
Laboral,91,C.A. de San Miguel,378,2º Juzgado de Letras de Buin
Laboral,91,C.A. de San Miguel,388,Juzgado de Letras de Peñaflor
Laboral,91,C.A. de San Miguel,1351,Juzgado de Letras del Trabajo de San Miguel
Laboral,91,C.A. de San Miguel,1352,Juzgado de Letras del Trabajo de San Bernardo
Laboral,91,C.A. de San Miguel,1363,Juzgado de Letras del Trabajo de Puente Alto
